image_path,patient_id,anemia_label,image_id
Fingernails/Anemic-Fin-009 (10).png,Anemic-Fin-009,1,IMG_00024
Fingernails/Anemic-Fin-009 (11).png,Anemic-Fin-009,1,IMG_00025
Fingernails/Anemic-Fin-009 (12).png,Anemic-Fin-009,1,IMG_00026
Fingernails/Anemic-Fin-009 (2).png,Anemic-Fin-009,1,IMG_00027
Fingernails/Anemic-Fin-009 (3).png,Anemic-Fin-009,1,IMG_00028
Fingernails/Anemic-Fin-009 (4).png,Anemic-Fin-009,1,IMG_00029
Fingernails/Anemic-Fin-009 (5).png,Anemic-Fin-009,1,IMG_00030
Fingernails/Anemic-Fin-009 (6).png,Anemic-Fin-009,1,IMG_00031
Fingernails/Anemic-Fin-009 (7).png,Anemic-Fin-009,1,IMG_00032
Fingernails/Anemic-Fin-009 (8).png,Anemic-Fin-009,1,IMG_00033
Fingernails/Anemic-Fin-009 (9).png,Anemic-Fin-009,1,IMG_00034
Fingernails/Anemic-Fin-009.png,Anemic-Fin-009,1,IMG_00035
Fingernails/Anemic-Fin-012 (10).png,Anemic-Fin-012,1,IMG_00048
Fingernails/Anemic-Fin-012 (11).png,Anemic-Fin-012,1,IMG_00049
Fingernails/Anemic-Fin-012 (12).png,Anemic-Fin-012,1,IMG_00050
Fingernails/Anemic-Fin-012 (2).png,Anemic-Fin-012,1,IMG_00051
Fingernails/Anemic-Fin-012 (3).png,Anemic-Fin-012,1,IMG_00052
Fingernails/Anemic-Fin-012 (4).png,Anemic-Fin-012,1,IMG_00053
Fingernails/Anemic-Fin-012 (5).png,Anemic-Fin-012,1,IMG_00054
Fingernails/Anemic-Fin-012 (6).png,Anemic-Fin-012,1,IMG_00055
Fingernails/Anemic-Fin-012 (7).png,Anemic-Fin-012,1,IMG_00056
Fingernails/Anemic-Fin-012 (8).png,Anemic-Fin-012,1,IMG_00057
Fingernails/Anemic-Fin-012 (9).png,Anemic-Fin-012,1,IMG_00058
Fingernails/Anemic-Fin-012.png,Anemic-Fin-012,1,IMG_00059
Fingernails/Anemic-Fin-015 (10).png,Anemic-Fin-015,1,IMG_00072
Fingernails/Anemic-Fin-015 (11).png,Anemic-Fin-015,1,IMG_00073
Fingernails/Anemic-Fin-015 (12).png,Anemic-Fin-015,1,IMG_00074
Fingernails/Anemic-Fin-015 (2).png,Anemic-Fin-015,1,IMG_00075
Fingernails/Anemic-Fin-015 (3).png,Anemic-Fin-015,1,IMG_00076
Fingernails/Anemic-Fin-015 (4).png,Anemic-Fin-015,1,IMG_00077
Fingernails/Anemic-Fin-015 (5).png,Anemic-Fin-015,1,IMG_00078
Fingernails/Anemic-Fin-015 (6).png,Anemic-Fin-015,1,IMG_00079
Fingernails/Anemic-Fin-015 (7).png,Anemic-Fin-015,1,IMG_00080
Fingernails/Anemic-Fin-015 (8).png,Anemic-Fin-015,1,IMG_00081
Fingernails/Anemic-Fin-015 (9).png,Anemic-Fin-015,1,IMG_00082
Fingernails/Anemic-Fin-015.png,Anemic-Fin-015,1,IMG_00083
Fingernails/Anemic-Fin-016 (10).png,Anemic-Fin-016,1,IMG_00084
Fingernails/Anemic-Fin-016 (11).png,Anemic-Fin-016,1,IMG_00085
Fingernails/Anemic-Fin-016 (12).png,Anemic-Fin-016,1,IMG_00086
Fingernails/Anemic-Fin-016 (2).png,Anemic-Fin-016,1,IMG_00087
Fingernails/Anemic-Fin-016 (3).png,Anemic-Fin-016,1,IMG_00088
Fingernails/Anemic-Fin-016 (4).png,Anemic-Fin-016,1,IMG_00089
Fingernails/Anemic-Fin-016 (5).png,Anemic-Fin-016,1,IMG_00090
Fingernails/Anemic-Fin-016 (6).png,Anemic-Fin-016,1,IMG_00091
Fingernails/Anemic-Fin-016 (7).png,Anemic-Fin-016,1,IMG_00092
Fingernails/Anemic-Fin-016 (8).png,Anemic-Fin-016,1,IMG_00093
Fingernails/Anemic-Fin-016 (9).png,Anemic-Fin-016,1,IMG_00094
Fingernails/Anemic-Fin-016.png,Anemic-Fin-016,1,IMG_00095
Fingernails/Anemic-Fin-018 (10).png,Anemic-Fin-018,1,IMG_00096
Fingernails/Anemic-Fin-018 (11).png,Anemic-Fin-018,1,IMG_00097
Fingernails/Anemic-Fin-018 (12).png,Anemic-Fin-018,1,IMG_00098
Fingernails/Anemic-Fin-018 (2).png,Anemic-Fin-018,1,IMG_00099
Fingernails/Anemic-Fin-018 (3).png,Anemic-Fin-018,1,IMG_00100
Fingernails/Anemic-Fin-018 (4).png,Anemic-Fin-018,1,IMG_00101
Fingernails/Anemic-Fin-018 (5).png,Anemic-Fin-018,1,IMG_00102
Fingernails/Anemic-Fin-018 (6).png,Anemic-Fin-018,1,IMG_00103
Fingernails/Anemic-Fin-018 (7).png,Anemic-Fin-018,1,IMG_00104
Fingernails/Anemic-Fin-018 (8).png,Anemic-Fin-018,1,IMG_00105
Fingernails/Anemic-Fin-018 (9).png,Anemic-Fin-018,1,IMG_00106
Fingernails/Anemic-Fin-018.png,Anemic-Fin-018,1,IMG_00107
Fingernails/Anemic-Fin-019 (10).png,Anemic-Fin-019,1,IMG_00108
Fingernails/Anemic-Fin-019 (11).png,Anemic-Fin-019,1,IMG_00109
Fingernails/Anemic-Fin-019 (12).png,Anemic-Fin-019,1,IMG_00110
Fingernails/Anemic-Fin-019 (2).png,Anemic-Fin-019,1,IMG_00111
Fingernails/Anemic-Fin-019 (3).png,Anemic-Fin-019,1,IMG_00112
Fingernails/Anemic-Fin-019 (4).png,Anemic-Fin-019,1,IMG_00113
Fingernails/Anemic-Fin-019 (5).png,Anemic-Fin-019,1,IMG_00114
Fingernails/Anemic-Fin-019 (6).png,Anemic-Fin-019,1,IMG_00115
Fingernails/Anemic-Fin-019 (7).png,Anemic-Fin-019,1,IMG_00116
Fingernails/Anemic-Fin-019 (8).png,Anemic-Fin-019,1,IMG_00117
Fingernails/Anemic-Fin-019 (9).png,Anemic-Fin-019,1,IMG_00118
Fingernails/Anemic-Fin-019.png,Anemic-Fin-019,1,IMG_00119
Fingernails/Anemic-Fin-020 (10).png,Anemic-Fin-020,1,IMG_00120
Fingernails/Anemic-Fin-020 (11).png,Anemic-Fin-020,1,IMG_00121
Fingernails/Anemic-Fin-020 (12).png,Anemic-Fin-020,1,IMG_00122
Fingernails/Anemic-Fin-020 (2).png,Anemic-Fin-020,1,IMG_00123
Fingernails/Anemic-Fin-020 (3).png,Anemic-Fin-020,1,IMG_00124
Fingernails/Anemic-Fin-020 (4).png,Anemic-Fin-020,1,IMG_00125
Fingernails/Anemic-Fin-020 (5).png,Anemic-Fin-020,1,IMG_00126
Fingernails/Anemic-Fin-020 (6).png,Anemic-Fin-020,1,IMG_00127
Fingernails/Anemic-Fin-020 (7).png,Anemic-Fin-020,1,IMG_00128
Fingernails/Anemic-Fin-020 (8).png,Anemic-Fin-020,1,IMG_00129
Fingernails/Anemic-Fin-020 (9).png,Anemic-Fin-020,1,IMG_00130
Fingernails/Anemic-Fin-020.png,Anemic-Fin-020,1,IMG_00131
Fingernails/Anemic-Fin-021 (10).png,Anemic-Fin-021,1,IMG_00132
Fingernails/Anemic-Fin-021 (11).png,Anemic-Fin-021,1,IMG_00133
Fingernails/Anemic-Fin-021 (12).png,Anemic-Fin-021,1,IMG_00134
Fingernails/Anemic-Fin-021 (2).png,Anemic-Fin-021,1,IMG_00135
Fingernails/Anemic-Fin-021 (3).png,Anemic-Fin-021,1,IMG_00136
Fingernails/Anemic-Fin-021 (4).png,Anemic-Fin-021,1,IMG_00137
Fingernails/Anemic-Fin-021 (5).png,Anemic-Fin-021,1,IMG_00138
Fingernails/Anemic-Fin-021 (6).png,Anemic-Fin-021,1,IMG_00139
Fingernails/Anemic-Fin-021 (7).png,Anemic-Fin-021,1,IMG_00140
Fingernails/Anemic-Fin-021 (8).png,Anemic-Fin-021,1,IMG_00141
Fingernails/Anemic-Fin-021 (9).png,Anemic-Fin-021,1,IMG_00142
Fingernails/Anemic-Fin-021.png,Anemic-Fin-021,1,IMG_00143
Fingernails/Anemic-Fin-022 (10).png,Anemic-Fin-022,1,IMG_00144
Fingernails/Anemic-Fin-022 (11).png,Anemic-Fin-022,1,IMG_00145
Fingernails/Anemic-Fin-022 (12).png,Anemic-Fin-022,1,IMG_00146
Fingernails/Anemic-Fin-022 (2).png,Anemic-Fin-022,1,IMG_00147
Fingernails/Anemic-Fin-022 (3).png,Anemic-Fin-022,1,IMG_00148
Fingernails/Anemic-Fin-022 (4).png,Anemic-Fin-022,1,IMG_00149
Fingernails/Anemic-Fin-022 (5).png,Anemic-Fin-022,1,IMG_00150
Fingernails/Anemic-Fin-022 (6).png,Anemic-Fin-022,1,IMG_00151
Fingernails/Anemic-Fin-022 (7).png,Anemic-Fin-022,1,IMG_00152
Fingernails/Anemic-Fin-022 (8).png,Anemic-Fin-022,1,IMG_00153
Fingernails/Anemic-Fin-022 (9).png,Anemic-Fin-022,1,IMG_00154
Fingernails/Anemic-Fin-022.png,Anemic-Fin-022,1,IMG_00155
Fingernails/Anemic-Fin-023 (10).png,Anemic-Fin-023,1,IMG_00156
Fingernails/Anemic-Fin-023 (11).png,Anemic-Fin-023,1,IMG_00157
Fingernails/Anemic-Fin-023 (12).png,Anemic-Fin-023,1,IMG_00158
Fingernails/Anemic-Fin-023 (2).png,Anemic-Fin-023,1,IMG_00159
Fingernails/Anemic-Fin-023 (3).png,Anemic-Fin-023,1,IMG_00160
Fingernails/Anemic-Fin-023 (4).png,Anemic-Fin-023,1,IMG_00161
Fingernails/Anemic-Fin-023 (5).png,Anemic-Fin-023,1,IMG_00162
Fingernails/Anemic-Fin-023 (6).png,Anemic-Fin-023,1,IMG_00163
Fingernails/Anemic-Fin-023 (7).png,Anemic-Fin-023,1,IMG_00164
Fingernails/Anemic-Fin-023 (8).png,Anemic-Fin-023,1,IMG_00165
Fingernails/Anemic-Fin-023 (9).png,Anemic-Fin-023,1,IMG_00166
Fingernails/Anemic-Fin-023.png,Anemic-Fin-023,1,IMG_00167
Fingernails/Anemic-Fin-025 (10).png,Anemic-Fin-025,1,IMG_00180
Fingernails/Anemic-Fin-025 (11).png,Anemic-Fin-025,1,IMG_00181
Fingernails/Anemic-Fin-025 (12).png,Anemic-Fin-025,1,IMG_00182
Fingernails/Anemic-Fin-025 (2).png,Anemic-Fin-025,1,IMG_00183
Fingernails/Anemic-Fin-025 (3).png,Anemic-Fin-025,1,IMG_00184
Fingernails/Anemic-Fin-025 (4).png,Anemic-Fin-025,1,IMG_00185
Fingernails/Anemic-Fin-025 (5).png,Anemic-Fin-025,1,IMG_00186
Fingernails/Anemic-Fin-025 (6).png,Anemic-Fin-025,1,IMG_00187
Fingernails/Anemic-Fin-025 (7).png,Anemic-Fin-025,1,IMG_00188
Fingernails/Anemic-Fin-025 (8).png,Anemic-Fin-025,1,IMG_00189
Fingernails/Anemic-Fin-025 (9).png,Anemic-Fin-025,1,IMG_00190
Fingernails/Anemic-Fin-025.png,Anemic-Fin-025,1,IMG_00191
Fingernails/Anemic-Fin-026 (10).png,Anemic-Fin-026,1,IMG_00192
Fingernails/Anemic-Fin-026 (11).png,Anemic-Fin-026,1,IMG_00193
Fingernails/Anemic-Fin-026 (12).png,Anemic-Fin-026,1,IMG_00194
Fingernails/Anemic-Fin-026 (2).png,Anemic-Fin-026,1,IMG_00195
Fingernails/Anemic-Fin-026 (3).png,Anemic-Fin-026,1,IMG_00196
Fingernails/Anemic-Fin-026 (4).png,Anemic-Fin-026,1,IMG_00197
Fingernails/Anemic-Fin-026 (5).png,Anemic-Fin-026,1,IMG_00198
Fingernails/Anemic-Fin-026 (6).png,Anemic-Fin-026,1,IMG_00199
Fingernails/Anemic-Fin-026 (7).png,Anemic-Fin-026,1,IMG_00200
Fingernails/Anemic-Fin-026 (8).png,Anemic-Fin-026,1,IMG_00201
Fingernails/Anemic-Fin-026 (9).png,Anemic-Fin-026,1,IMG_00202
Fingernails/Anemic-Fin-026.png,Anemic-Fin-026,1,IMG_00203
Fingernails/Anemic-Fin-028 (10).png,Anemic-Fin-028,1,IMG_00204
Fingernails/Anemic-Fin-028 (11).png,Anemic-Fin-028,1,IMG_00205
Fingernails/Anemic-Fin-028 (12).png,Anemic-Fin-028,1,IMG_00206
Fingernails/Anemic-Fin-028 (2).png,Anemic-Fin-028,1,IMG_00207
Fingernails/Anemic-Fin-028 (3).png,Anemic-Fin-028,1,IMG_00208
Fingernails/Anemic-Fin-028 (4).png,Anemic-Fin-028,1,IMG_00209
Fingernails/Anemic-Fin-028 (5).png,Anemic-Fin-028,1,IMG_00210
Fingernails/Anemic-Fin-028 (6).png,Anemic-Fin-028,1,IMG_00211
Fingernails/Anemic-Fin-028 (7).png,Anemic-Fin-028,1,IMG_00212
Fingernails/Anemic-Fin-028 (8).png,Anemic-Fin-028,1,IMG_00213
Fingernails/Anemic-Fin-028 (9).png,Anemic-Fin-028,1,IMG_00214
Fingernails/Anemic-Fin-028.png,Anemic-Fin-028,1,IMG_00215
Fingernails/Anemic-Fin-029 (10).png,Anemic-Fin-029,1,IMG_00216
Fingernails/Anemic-Fin-029 (11).png,Anemic-Fin-029,1,IMG_00217
Fingernails/Anemic-Fin-029 (12).png,Anemic-Fin-029,1,IMG_00218
Fingernails/Anemic-Fin-029 (2).png,Anemic-Fin-029,1,IMG_00219
Fingernails/Anemic-Fin-029 (3).png,Anemic-Fin-029,1,IMG_00220
Fingernails/Anemic-Fin-029 (4).png,Anemic-Fin-029,1,IMG_00221
Fingernails/Anemic-Fin-029 (5).png,Anemic-Fin-029,1,IMG_00222
Fingernails/Anemic-Fin-029 (6).png,Anemic-Fin-029,1,IMG_00223
Fingernails/Anemic-Fin-029 (7).png,Anemic-Fin-029,1,IMG_00224
Fingernails/Anemic-Fin-029 (8).png,Anemic-Fin-029,1,IMG_00225
Fingernails/Anemic-Fin-029 (9).png,Anemic-Fin-029,1,IMG_00226
Fingernails/Anemic-Fin-029.png,Anemic-Fin-029,1,IMG_00227
Fingernails/Anemic-Fin-030 (10).png,Anemic-Fin-030,1,IMG_00228
Fingernails/Anemic-Fin-030 (11).png,Anemic-Fin-030,1,IMG_00229
Fingernails/Anemic-Fin-030 (12).png,Anemic-Fin-030,1,IMG_00230
Fingernails/Anemic-Fin-030 (2).png,Anemic-Fin-030,1,IMG_00231
Fingernails/Anemic-Fin-030 (3).png,Anemic-Fin-030,1,IMG_00232
Fingernails/Anemic-Fin-030 (4).png,Anemic-Fin-030,1,IMG_00233
Fingernails/Anemic-Fin-030 (5).png,Anemic-Fin-030,1,IMG_00234
Fingernails/Anemic-Fin-030 (6).png,Anemic-Fin-030,1,IMG_00235
Fingernails/Anemic-Fin-030 (7).png,Anemic-Fin-030,1,IMG_00236
Fingernails/Anemic-Fin-030 (8).png,Anemic-Fin-030,1,IMG_00237
Fingernails/Anemic-Fin-030 (9).png,Anemic-Fin-030,1,IMG_00238
Fingernails/Anemic-Fin-030.png,Anemic-Fin-030,1,IMG_00239
Fingernails/Anemic-FN-001 (10).png,Anemic-FN-001,1,IMG_00240
Fingernails/Anemic-FN-001 (11).png,Anemic-FN-001,1,IMG_00241
Fingernails/Anemic-FN-001 (12).png,Anemic-FN-001,1,IMG_00242
Fingernails/Anemic-FN-001 (2).png,Anemic-FN-001,1,IMG_00243
Fingernails/Anemic-FN-001 (3).png,Anemic-FN-001,1,IMG_00244
Fingernails/Anemic-FN-001 (4).png,Anemic-FN-001,1,IMG_00245
Fingernails/Anemic-FN-001 (5).png,Anemic-FN-001,1,IMG_00246
Fingernails/Anemic-FN-001 (6).png,Anemic-FN-001,1,IMG_00247
Fingernails/Anemic-FN-001 (7).png,Anemic-FN-001,1,IMG_00248
Fingernails/Anemic-FN-001 (8).png,Anemic-FN-001,1,IMG_00249
Fingernails/Anemic-FN-001 (9).png,Anemic-FN-001,1,IMG_00250
Fingernails/Anemic-FN-001.png,Anemic-FN-001,1,IMG_00251
Fingernails/Anemic-FN-004 (10).png,Anemic-FN-004,1,IMG_00264
Fingernails/Anemic-FN-004 (11).png,Anemic-FN-004,1,IMG_00265
Fingernails/Anemic-FN-004 (12).png,Anemic-FN-004,1,IMG_00266
Fingernails/Anemic-FN-004 (2).png,Anemic-FN-004,1,IMG_00267
Fingernails/Anemic-FN-004 (3).png,Anemic-FN-004,1,IMG_00268
Fingernails/Anemic-FN-004 (4).png,Anemic-FN-004,1,IMG_00269
Fingernails/Anemic-FN-004 (5).png,Anemic-FN-004,1,IMG_00270
Fingernails/Anemic-FN-004 (6).png,Anemic-FN-004,1,IMG_00271
Fingernails/Anemic-FN-004 (7).png,Anemic-FN-004,1,IMG_00272
Fingernails/Anemic-FN-004 (8).png,Anemic-FN-004,1,IMG_00273
Fingernails/Anemic-FN-004 (9).png,Anemic-FN-004,1,IMG_00274
Fingernails/Anemic-FN-004.png,Anemic-FN-004,1,IMG_00275
Fingernails/Anemic-FN-005 (10).png,Anemic-FN-005,1,IMG_00276
Fingernails/Anemic-FN-005 (11).png,Anemic-FN-005,1,IMG_00277
Fingernails/Anemic-FN-005 (12).png,Anemic-FN-005,1,IMG_00278
Fingernails/Anemic-FN-005 (2).png,Anemic-FN-005,1,IMG_00279
Fingernails/Anemic-FN-005 (3).png,Anemic-FN-005,1,IMG_00280
Fingernails/Anemic-FN-005 (4).png,Anemic-FN-005,1,IMG_00281
Fingernails/Anemic-FN-005 (5).png,Anemic-FN-005,1,IMG_00282
Fingernails/Anemic-FN-005 (6).png,Anemic-FN-005,1,IMG_00283
Fingernails/Anemic-FN-005 (7).png,Anemic-FN-005,1,IMG_00284
Fingernails/Anemic-FN-005 (8).png,Anemic-FN-005,1,IMG_00285
Fingernails/Anemic-FN-005 (9).png,Anemic-FN-005,1,IMG_00286
Fingernails/Anemic-FN-005.png,Anemic-FN-005,1,IMG_00287
Fingernails/Anemic-FN-007 (10).png,Anemic-FN-007,1,IMG_00288
Fingernails/Anemic-FN-007 (11).png,Anemic-FN-007,1,IMG_00289
Fingernails/Anemic-FN-007 (12).png,Anemic-FN-007,1,IMG_00290
Fingernails/Anemic-FN-007 (2).png,Anemic-FN-007,1,IMG_00291
Fingernails/Anemic-FN-007 (3).png,Anemic-FN-007,1,IMG_00292
Fingernails/Anemic-FN-007 (4).png,Anemic-FN-007,1,IMG_00293
Fingernails/Anemic-FN-007 (5).png,Anemic-FN-007,1,IMG_00294
Fingernails/Anemic-FN-007 (6).png,Anemic-FN-007,1,IMG_00295
Fingernails/Anemic-FN-007 (7).png,Anemic-FN-007,1,IMG_00296
Fingernails/Anemic-FN-007 (8).png,Anemic-FN-007,1,IMG_00297
Fingernails/Anemic-FN-007 (9).png,Anemic-FN-007,1,IMG_00298
Fingernails/Anemic-FN-007.png,Anemic-FN-007,1,IMG_00299
Fingernails/Anemic-FN-010 (10).png,Anemic-FN-010,1,IMG_00300
Fingernails/Anemic-FN-010 (11).png,Anemic-FN-010,1,IMG_00301
Fingernails/Anemic-FN-010 (12).png,Anemic-FN-010,1,IMG_00302
Fingernails/Anemic-FN-010 (2).png,Anemic-FN-010,1,IMG_00303
Fingernails/Anemic-FN-010 (3).png,Anemic-FN-010,1,IMG_00304
Fingernails/Anemic-FN-010 (4).png,Anemic-FN-010,1,IMG_00305
Fingernails/Anemic-FN-010 (5).png,Anemic-FN-010,1,IMG_00306
Fingernails/Anemic-FN-010 (6).png,Anemic-FN-010,1,IMG_00307
Fingernails/Anemic-FN-010 (7).png,Anemic-FN-010,1,IMG_00308
Fingernails/Anemic-FN-010 (8).png,Anemic-FN-010,1,IMG_00309
Fingernails/Anemic-FN-010 (9).png,Anemic-FN-010,1,IMG_00310
Fingernails/Anemic-FN-010.png,Anemic-FN-010,1,IMG_00311
Fingernails/Anemic-FN-012 (10).png,Anemic-FN-012,1,IMG_00312
Fingernails/Anemic-FN-012 (11).png,Anemic-FN-012,1,IMG_00313
Fingernails/Anemic-FN-012 (12).png,Anemic-FN-012,1,IMG_00314
Fingernails/Anemic-FN-012 (2).png,Anemic-FN-012,1,IMG_00315
Fingernails/Anemic-FN-012 (3).png,Anemic-FN-012,1,IMG_00316
Fingernails/Anemic-FN-012 (4).png,Anemic-FN-012,1,IMG_00317
Fingernails/Anemic-FN-012 (5).png,Anemic-FN-012,1,IMG_00318
Fingernails/Anemic-FN-012 (6).png,Anemic-FN-012,1,IMG_00319
Fingernails/Anemic-FN-012 (7).png,Anemic-FN-012,1,IMG_00320
Fingernails/Anemic-FN-012 (8).png,Anemic-FN-012,1,IMG_00321
Fingernails/Anemic-FN-012 (9).png,Anemic-FN-012,1,IMG_00322
Fingernails/Anemic-FN-012.png,Anemic-FN-012,1,IMG_00323
Fingernails/Anemic-FN-013 (10).png,Anemic-FN-013,1,IMG_00324
Fingernails/Anemic-FN-013 (11).png,Anemic-FN-013,1,IMG_00325
Fingernails/Anemic-FN-013 (12).png,Anemic-FN-013,1,IMG_00326
Fingernails/Anemic-FN-013 (2).png,Anemic-FN-013,1,IMG_00327
Fingernails/Anemic-FN-013 (3).png,Anemic-FN-013,1,IMG_00328
Fingernails/Anemic-FN-013 (4).png,Anemic-FN-013,1,IMG_00329
Fingernails/Anemic-FN-013 (5).png,Anemic-FN-013,1,IMG_00330
Fingernails/Anemic-FN-013 (6).png,Anemic-FN-013,1,IMG_00331
Fingernails/Anemic-FN-013 (7).png,Anemic-FN-013,1,IMG_00332
Fingernails/Anemic-FN-013 (8).png,Anemic-FN-013,1,IMG_00333
Fingernails/Anemic-FN-013 (9).png,Anemic-FN-013,1,IMG_00334
Fingernails/Anemic-FN-013.png,Anemic-FN-013,1,IMG_00335
Fingernails/Anemic-FN-016 (10).png,Anemic-FN-016,1,IMG_00360
Fingernails/Anemic-FN-016 (11).png,Anemic-FN-016,1,IMG_00361
Fingernails/Anemic-FN-016 (12).png,Anemic-FN-016,1,IMG_00362
Fingernails/Anemic-FN-016 (2).png,Anemic-FN-016,1,IMG_00363
Fingernails/Anemic-FN-016 (3).png,Anemic-FN-016,1,IMG_00364
Fingernails/Anemic-FN-016 (4).png,Anemic-FN-016,1,IMG_00365
Fingernails/Anemic-FN-016 (5).png,Anemic-FN-016,1,IMG_00366
Fingernails/Anemic-FN-016 (6).png,Anemic-FN-016,1,IMG_00367
Fingernails/Anemic-FN-016 (7).png,Anemic-FN-016,1,IMG_00368
Fingernails/Anemic-FN-016 (8).png,Anemic-FN-016,1,IMG_00369
Fingernails/Anemic-FN-016 (9).png,Anemic-FN-016,1,IMG_00370
Fingernails/Anemic-FN-016.png,Anemic-FN-016,1,IMG_00371
Fingernails/Anemic-FN-018 (10).png,Anemic-FN-018,1,IMG_00372
Fingernails/Anemic-FN-018 (11).png,Anemic-FN-018,1,IMG_00373
Fingernails/Anemic-FN-018 (12).png,Anemic-FN-018,1,IMG_00374
Fingernails/Anemic-FN-018 (2).png,Anemic-FN-018,1,IMG_00375
Fingernails/Anemic-FN-018 (3).png,Anemic-FN-018,1,IMG_00376
Fingernails/Anemic-FN-018 (4).png,Anemic-FN-018,1,IMG_00377
Fingernails/Anemic-FN-018 (5).png,Anemic-FN-018,1,IMG_00378
Fingernails/Anemic-FN-018 (6).png,Anemic-FN-018,1,IMG_00379
Fingernails/Anemic-FN-018 (7).png,Anemic-FN-018,1,IMG_00380
Fingernails/Anemic-FN-018 (8).png,Anemic-FN-018,1,IMG_00381
Fingernails/Anemic-FN-018 (9).png,Anemic-FN-018,1,IMG_00382
Fingernails/Anemic-FN-018.png,Anemic-FN-018,1,IMG_00383
Fingernails/Anemic-FN-019 (10).png,Anemic-FN-019,1,IMG_00384
Fingernails/Anemic-FN-019 (11).png,Anemic-FN-019,1,IMG_00385
Fingernails/Anemic-FN-019 (12).png,Anemic-FN-019,1,IMG_00386
Fingernails/Anemic-FN-019 (13).png,Anemic-FN-019,1,IMG_00387
Fingernails/Anemic-FN-019 (14).png,Anemic-FN-019,1,IMG_00388
Fingernails/Anemic-FN-019 (15).png,Anemic-FN-019,1,IMG_00389
Fingernails/Anemic-FN-019 (16).png,Anemic-FN-019,1,IMG_00390
Fingernails/Anemic-FN-019 (17).png,Anemic-FN-019,1,IMG_00391
Fingernails/Anemic-FN-019 (2).png,Anemic-FN-019,1,IMG_00392
Fingernails/Anemic-FN-019 (3).png,Anemic-FN-019,1,IMG_00393
Fingernails/Anemic-FN-019 (4).png,Anemic-FN-019,1,IMG_00394
Fingernails/Anemic-FN-019 (5).png,Anemic-FN-019,1,IMG_00395
Fingernails/Anemic-FN-019 (6).png,Anemic-FN-019,1,IMG_00396
Fingernails/Anemic-FN-019 (7).png,Anemic-FN-019,1,IMG_00397
Fingernails/Anemic-FN-019 (8).png,Anemic-FN-019,1,IMG_00398
Fingernails/Anemic-FN-019 (9).png,Anemic-FN-019,1,IMG_00399
Fingernails/Anemic-FN-019.png,Anemic-FN-019,1,IMG_00400
Fingernails/Anemic-FN-020 (10).png,Anemic-FN-020,1,IMG_00401
Fingernails/Anemic-FN-020 (11).png,Anemic-FN-020,1,IMG_00402
Fingernails/Anemic-FN-020 (12).png,Anemic-FN-020,1,IMG_00403
Fingernails/Anemic-FN-020 (13).png,Anemic-FN-020,1,IMG_00404
Fingernails/Anemic-FN-020 (14).png,Anemic-FN-020,1,IMG_00405
Fingernails/Anemic-FN-020 (15).png,Anemic-FN-020,1,IMG_00406
Fingernails/Anemic-FN-020 (2).png,Anemic-FN-020,1,IMG_00407
Fingernails/Anemic-FN-020 (3).png,Anemic-FN-020,1,IMG_00408
Fingernails/Anemic-FN-020 (4).png,Anemic-FN-020,1,IMG_00409
Fingernails/Anemic-FN-020 (5).png,Anemic-FN-020,1,IMG_00410
Fingernails/Anemic-FN-020 (6).png,Anemic-FN-020,1,IMG_00411
Fingernails/Anemic-FN-020 (7).png,Anemic-FN-020,1,IMG_00412
Fingernails/Anemic-FN-020 (8).png,Anemic-FN-020,1,IMG_00413
Fingernails/Anemic-FN-020 (9).png,Anemic-FN-020,1,IMG_00414
Fingernails/Anemic-FN-020.png,Anemic-FN-020,1,IMG_00415
Fingernails/Anemic-FN-026 (10).png,Anemic-FN-026,1,IMG_00428
Fingernails/Anemic-FN-026 (11).png,Anemic-FN-026,1,IMG_00429
Fingernails/Anemic-FN-026 (12).png,Anemic-FN-026,1,IMG_00430
Fingernails/Anemic-FN-026 (2).png,Anemic-FN-026,1,IMG_00431
Fingernails/Anemic-FN-026 (3).png,Anemic-FN-026,1,IMG_00432
Fingernails/Anemic-FN-026 (4).png,Anemic-FN-026,1,IMG_00433
Fingernails/Anemic-FN-026 (5).png,Anemic-FN-026,1,IMG_00434
Fingernails/Anemic-FN-026 (6).png,Anemic-FN-026,1,IMG_00435
Fingernails/Anemic-FN-026 (7).png,Anemic-FN-026,1,IMG_00436
Fingernails/Anemic-FN-026 (8).png,Anemic-FN-026,1,IMG_00437
Fingernails/Anemic-FN-026 (9).png,Anemic-FN-026,1,IMG_00438
Fingernails/Anemic-FN-026.png,Anemic-FN-026,1,IMG_00439
Fingernails/Anemic-FN-027 (10).png,Anemic-FN-027,1,IMG_00440
Fingernails/Anemic-FN-027 (11).png,Anemic-FN-027,1,IMG_00441
Fingernails/Anemic-FN-027 (12).png,Anemic-FN-027,1,IMG_00442
Fingernails/Anemic-FN-027 (2).png,Anemic-FN-027,1,IMG_00443
Fingernails/Anemic-FN-027 (3).png,Anemic-FN-027,1,IMG_00444
Fingernails/Anemic-FN-027 (4).png,Anemic-FN-027,1,IMG_00445
Fingernails/Anemic-FN-027 (5).png,Anemic-FN-027,1,IMG_00446
Fingernails/Anemic-FN-027 (6).png,Anemic-FN-027,1,IMG_00447
Fingernails/Anemic-FN-027 (7).png,Anemic-FN-027,1,IMG_00448
Fingernails/Anemic-FN-027 (8).png,Anemic-FN-027,1,IMG_00449
Fingernails/Anemic-FN-027 (9).png,Anemic-FN-027,1,IMG_00450
Fingernails/Anemic-FN-027.png,Anemic-FN-027,1,IMG_00451
Fingernails/Anemic-FN-028 (10).png,Anemic-FN-028,1,IMG_00452
Fingernails/Anemic-FN-028 (11).png,Anemic-FN-028,1,IMG_00453
Fingernails/Anemic-FN-028 (12).png,Anemic-FN-028,1,IMG_00454
Fingernails/Anemic-FN-028 (2).png,Anemic-FN-028,1,IMG_00455
Fingernails/Anemic-FN-028 (3).png,Anemic-FN-028,1,IMG_00456
Fingernails/Anemic-FN-028 (4).png,Anemic-FN-028,1,IMG_00457
Fingernails/Anemic-FN-028 (5).png,Anemic-FN-028,1,IMG_00458
Fingernails/Anemic-FN-028 (6).png,Anemic-FN-028,1,IMG_00459
Fingernails/Anemic-FN-028 (7).png,Anemic-FN-028,1,IMG_00460
Fingernails/Anemic-FN-028 (8).png,Anemic-FN-028,1,IMG_00461
Fingernails/Anemic-FN-028 (9).png,Anemic-FN-028,1,IMG_00462
Fingernails/Anemic-FN-028.png,Anemic-FN-028,1,IMG_00463
Fingernails/Anemic-FN-029 (10).png,Anemic-FN-029,1,IMG_00464
Fingernails/Anemic-FN-029 (11).png,Anemic-FN-029,1,IMG_00465
Fingernails/Anemic-FN-029 (12).png,Anemic-FN-029,1,IMG_00466
Fingernails/Anemic-FN-029 (2).png,Anemic-FN-029,1,IMG_00467
Fingernails/Anemic-FN-029 (3).png,Anemic-FN-029,1,IMG_00468
Fingernails/Anemic-FN-029 (4).png,Anemic-FN-029,1,IMG_00469
Fingernails/Anemic-FN-029 (5).png,Anemic-FN-029,1,IMG_00470
Fingernails/Anemic-FN-029 (6).png,Anemic-FN-029,1,IMG_00471
Fingernails/Anemic-FN-029 (7).png,Anemic-FN-029,1,IMG_00472
Fingernails/Anemic-FN-029 (8).png,Anemic-FN-029,1,IMG_00473
Fingernails/Anemic-FN-029 (9).png,Anemic-FN-029,1,IMG_00474
Fingernails/Anemic-FN-029.png,Anemic-FN-029,1,IMG_00475
Fingernails/Anemic-FN-031 (10).png,Anemic-FN-031,1,IMG_00476
Fingernails/Anemic-FN-031 (11).png,Anemic-FN-031,1,IMG_00477
Fingernails/Anemic-FN-031 (12).png,Anemic-FN-031,1,IMG_00478
Fingernails/Anemic-FN-031 (2).png,Anemic-FN-031,1,IMG_00479
Fingernails/Anemic-FN-031 (3).png,Anemic-FN-031,1,IMG_00480
Fingernails/Anemic-FN-031 (4).png,Anemic-FN-031,1,IMG_00481
Fingernails/Anemic-FN-031 (5).png,Anemic-FN-031,1,IMG_00482
Fingernails/Anemic-FN-031 (6).png,Anemic-FN-031,1,IMG_00483
Fingernails/Anemic-FN-031 (7).png,Anemic-FN-031,1,IMG_00484
Fingernails/Anemic-FN-031 (8).png,Anemic-FN-031,1,IMG_00485
Fingernails/Anemic-FN-031 (9).png,Anemic-FN-031,1,IMG_00486
Fingernails/Anemic-FN-031.png,Anemic-FN-031,1,IMG_00487
Fingernails/Anemic-FN-033 (10).png,Anemic-FN-033,1,IMG_00488
Fingernails/Anemic-FN-033 (11).png,Anemic-FN-033,1,IMG_00489
Fingernails/Anemic-FN-033 (12).png,Anemic-FN-033,1,IMG_00490
Fingernails/Anemic-FN-033 (2).png,Anemic-FN-033,1,IMG_00491
Fingernails/Anemic-FN-033 (3).png,Anemic-FN-033,1,IMG_00492
Fingernails/Anemic-FN-033 (5).png,Anemic-FN-033,1,IMG_00493
Fingernails/Anemic-FN-033 (6).png,Anemic-FN-033,1,IMG_00494
Fingernails/Anemic-FN-033 (7).png,Anemic-FN-033,1,IMG_00495
Fingernails/Anemic-FN-033 (8).png,Anemic-FN-033,1,IMG_00496
Fingernails/Anemic-FN-033 (9).png,Anemic-FN-033,1,IMG_00497
Fingernails/Anemic-FN-033.png,Anemic-FN-033,1,IMG_00498
Fingernails/Anemic-FN-034 (10).png,Anemic-FN-034,1,IMG_00499
Fingernails/Anemic-FN-034 (11).png,Anemic-FN-034,1,IMG_00500
Fingernails/Anemic-FN-034 (12).png,Anemic-FN-034,1,IMG_00501
Fingernails/Anemic-FN-034 (2).png,Anemic-FN-034,1,IMG_00502
Fingernails/Anemic-FN-034 (3).png,Anemic-FN-034,1,IMG_00503
Fingernails/Anemic-FN-034 (4).png,Anemic-FN-034,1,IMG_00504
Fingernails/Anemic-FN-034 (5).png,Anemic-FN-034,1,IMG_00505
Fingernails/Anemic-FN-034 (6).png,Anemic-FN-034,1,IMG_00506
Fingernails/Anemic-FN-034 (7).png,Anemic-FN-034,1,IMG_00507
Fingernails/Anemic-FN-034 (8).png,Anemic-FN-034,1,IMG_00508
Fingernails/Anemic-FN-034 (9).png,Anemic-FN-034,1,IMG_00509
Fingernails/Anemic-FN-034.png,Anemic-FN-034,1,IMG_00510
Fingernails/Anemic-FN-036 (10).png,Anemic-FN-036,1,IMG_00523
Fingernails/Anemic-FN-036 (11).png,Anemic-FN-036,1,IMG_00524
Fingernails/Anemic-FN-036 (12).png,Anemic-FN-036,1,IMG_00525
Fingernails/Anemic-FN-036 (2).png,Anemic-FN-036,1,IMG_00526
Fingernails/Anemic-FN-036 (3).png,Anemic-FN-036,1,IMG_00527
Fingernails/Anemic-FN-036 (4).png,Anemic-FN-036,1,IMG_00528
Fingernails/Anemic-FN-036 (5).png,Anemic-FN-036,1,IMG_00529
Fingernails/Anemic-FN-036 (6).png,Anemic-FN-036,1,IMG_00530
Fingernails/Anemic-FN-036 (7).png,Anemic-FN-036,1,IMG_00531
Fingernails/Anemic-FN-036 (8).png,Anemic-FN-036,1,IMG_00532
Fingernails/Anemic-FN-036 (9).png,Anemic-FN-036,1,IMG_00533
Fingernails/Anemic-FN-036.png,Anemic-FN-036,1,IMG_00534
Fingernails/Anemic-FN-038 (10).png,Anemic-FN-038,1,IMG_00535
Fingernails/Anemic-FN-038 (11).png,Anemic-FN-038,1,IMG_00536
Fingernails/Anemic-FN-038 (12).png,Anemic-FN-038,1,IMG_00537
Fingernails/Anemic-FN-038 (2).png,Anemic-FN-038,1,IMG_00538
Fingernails/Anemic-FN-038 (3).png,Anemic-FN-038,1,IMG_00539
Fingernails/Anemic-FN-038 (4).png,Anemic-FN-038,1,IMG_00540
Fingernails/Anemic-FN-038 (5).png,Anemic-FN-038,1,IMG_00541
Fingernails/Anemic-FN-038 (6).png,Anemic-FN-038,1,IMG_00542
Fingernails/Anemic-FN-038 (7).png,Anemic-FN-038,1,IMG_00543
Fingernails/Anemic-FN-038 (8).png,Anemic-FN-038,1,IMG_00544
Fingernails/Anemic-FN-038 (9).png,Anemic-FN-038,1,IMG_00545
Fingernails/Anemic-FN-038.png,Anemic-FN-038,1,IMG_00546
Fingernails/Anemic-FN-040 (10).png,Anemic-FN-040,1,IMG_00559
Fingernails/Anemic-FN-040 (11).png,Anemic-FN-040,1,IMG_00560
Fingernails/Anemic-FN-040 (12).png,Anemic-FN-040,1,IMG_00561
Fingernails/Anemic-FN-040 (2).png,Anemic-FN-040,1,IMG_00562
Fingernails/Anemic-FN-040 (3).png,Anemic-FN-040,1,IMG_00563
Fingernails/Anemic-FN-040 (4).png,Anemic-FN-040,1,IMG_00564
Fingernails/Anemic-FN-040 (5).png,Anemic-FN-040,1,IMG_00565
Fingernails/Anemic-FN-040 (6).png,Anemic-FN-040,1,IMG_00566
Fingernails/Anemic-FN-040 (7).png,Anemic-FN-040,1,IMG_00567
Fingernails/Anemic-FN-040 (8).png,Anemic-FN-040,1,IMG_00568
Fingernails/Anemic-FN-040 (9).png,Anemic-FN-040,1,IMG_00569
Fingernails/Anemic-FN-040.png,Anemic-FN-040,1,IMG_00570
Fingernails/Anemic-FN-041 (10).png,Anemic-FN-041,1,IMG_00571
Fingernails/Anemic-FN-041 (11).png,Anemic-FN-041,1,IMG_00572
Fingernails/Anemic-FN-041 (12).png,Anemic-FN-041,1,IMG_00573
Fingernails/Anemic-FN-041 (2).png,Anemic-FN-041,1,IMG_00574
Fingernails/Anemic-FN-041 (3).png,Anemic-FN-041,1,IMG_00575
Fingernails/Anemic-FN-041 (4).png,Anemic-FN-041,1,IMG_00576
Fingernails/Anemic-FN-041 (5).png,Anemic-FN-041,1,IMG_00577
Fingernails/Anemic-FN-041 (6).png,Anemic-FN-041,1,IMG_00578
Fingernails/Anemic-FN-041 (7).png,Anemic-FN-041,1,IMG_00579
Fingernails/Anemic-FN-041 (8).png,Anemic-FN-041,1,IMG_00580
Fingernails/Anemic-FN-041 (9).png,Anemic-FN-041,1,IMG_00581
Fingernails/Anemic-FN-041.png,Anemic-FN-041,1,IMG_00582
Fingernails/Anemic-FN-047 (10).png,Anemic-FN-047,1,IMG_00583
Fingernails/Anemic-FN-047 (11).png,Anemic-FN-047,1,IMG_00584
Fingernails/Anemic-FN-047 (12).png,Anemic-FN-047,1,IMG_00585
Fingernails/Anemic-FN-047 (2).png,Anemic-FN-047,1,IMG_00586
Fingernails/Anemic-FN-047 (3).png,Anemic-FN-047,1,IMG_00587
Fingernails/Anemic-FN-047 (4).png,Anemic-FN-047,1,IMG_00588
Fingernails/Anemic-FN-047 (5).png,Anemic-FN-047,1,IMG_00589
Fingernails/Anemic-FN-047 (6).png,Anemic-FN-047,1,IMG_00590
Fingernails/Anemic-FN-047 (7).png,Anemic-FN-047,1,IMG_00591
Fingernails/Anemic-FN-047 (8).png,Anemic-FN-047,1,IMG_00592
Fingernails/Anemic-FN-047 (9).png,Anemic-FN-047,1,IMG_00593
Fingernails/Anemic-FN-047.png,Anemic-FN-047,1,IMG_00594
Fingernails/Anemic-FN-049 (10).png,Anemic-FN-049,1,IMG_00595
Fingernails/Anemic-FN-049 (11).png,Anemic-FN-049,1,IMG_00596
Fingernails/Anemic-FN-049 (12).png,Anemic-FN-049,1,IMG_00597
Fingernails/Anemic-FN-049 (2).png,Anemic-FN-049,1,IMG_00598
Fingernails/Anemic-FN-049 (3).png,Anemic-FN-049,1,IMG_00599
Fingernails/Anemic-FN-049 (4).png,Anemic-FN-049,1,IMG_00600
Fingernails/Anemic-FN-049 (5).png,Anemic-FN-049,1,IMG_00601
Fingernails/Anemic-FN-049 (6).png,Anemic-FN-049,1,IMG_00602
Fingernails/Anemic-FN-049 (7).png,Anemic-FN-049,1,IMG_00603
Fingernails/Anemic-FN-049 (8).png,Anemic-FN-049,1,IMG_00604
Fingernails/Anemic-FN-049 (9).png,Anemic-FN-049,1,IMG_00605
Fingernails/Anemic-FN-049.png,Anemic-FN-049,1,IMG_00606
Fingernails/Anemic-FN-054 (10).png,Anemic-FN-054,1,IMG_00631
Fingernails/Anemic-FN-054 (11).png,Anemic-FN-054,1,IMG_00632
Fingernails/Anemic-FN-054 (12).png,Anemic-FN-054,1,IMG_00633
Fingernails/Anemic-FN-054 (2).png,Anemic-FN-054,1,IMG_00634
Fingernails/Anemic-FN-054 (3).png,Anemic-FN-054,1,IMG_00635
Fingernails/Anemic-FN-054 (4).png,Anemic-FN-054,1,IMG_00636
Fingernails/Anemic-FN-054 (5).png,Anemic-FN-054,1,IMG_00637
Fingernails/Anemic-FN-054 (6).png,Anemic-FN-054,1,IMG_00638
Fingernails/Anemic-FN-054 (7).png,Anemic-FN-054,1,IMG_00639
Fingernails/Anemic-FN-054 (8).png,Anemic-FN-054,1,IMG_00640
Fingernails/Anemic-FN-054 (9).png,Anemic-FN-054,1,IMG_00641
Fingernails/Anemic-FN-054.png,Anemic-FN-054,1,IMG_00642
Fingernails/Anemic-FN-058 (10).png,Anemic-FN-058,1,IMG_00667
Fingernails/Anemic-FN-058 (11).png,Anemic-FN-058,1,IMG_00668
Fingernails/Anemic-FN-058 (12).png,Anemic-FN-058,1,IMG_00669
Fingernails/Anemic-FN-058 (2).png,Anemic-FN-058,1,IMG_00670
Fingernails/Anemic-FN-058 (3).png,Anemic-FN-058,1,IMG_00671
Fingernails/Anemic-FN-058 (4).png,Anemic-FN-058,1,IMG_00672
Fingernails/Anemic-FN-058 (5).png,Anemic-FN-058,1,IMG_00673
Fingernails/Anemic-FN-058 (6).png,Anemic-FN-058,1,IMG_00674
Fingernails/Anemic-FN-058 (7).png,Anemic-FN-058,1,IMG_00675
Fingernails/Anemic-FN-058 (8).png,Anemic-FN-058,1,IMG_00676
Fingernails/Anemic-FN-058 (9).png,Anemic-FN-058,1,IMG_00677
Fingernails/Anemic-FN-058.png,Anemic-FN-058,1,IMG_00678
Fingernails/Anemic-FN-060 (10).png,Anemic-FN-060,1,IMG_00679
Fingernails/Anemic-FN-060 (11).png,Anemic-FN-060,1,IMG_00680
Fingernails/Anemic-FN-060 (12).png,Anemic-FN-060,1,IMG_00681
Fingernails/Anemic-FN-060 (2).png,Anemic-FN-060,1,IMG_00682
Fingernails/Anemic-FN-060 (3).png,Anemic-FN-060,1,IMG_00683
Fingernails/Anemic-FN-060 (4).png,Anemic-FN-060,1,IMG_00684
Fingernails/Anemic-FN-060 (5).png,Anemic-FN-060,1,IMG_00685
Fingernails/Anemic-FN-060 (6).png,Anemic-FN-060,1,IMG_00686
Fingernails/Anemic-FN-060 (7).png,Anemic-FN-060,1,IMG_00687
Fingernails/Anemic-FN-060 (8).png,Anemic-FN-060,1,IMG_00688
Fingernails/Anemic-FN-060 (9).png,Anemic-FN-060,1,IMG_00689
Fingernails/Anemic-FN-060.png,Anemic-FN-060,1,IMG_00690
Fingernails/Anemic-FN-063 (10).png,Anemic-FN-063,1,IMG_00691
Fingernails/Anemic-FN-063 (11).png,Anemic-FN-063,1,IMG_00692
Fingernails/Anemic-FN-063 (12).png,Anemic-FN-063,1,IMG_00693
Fingernails/Anemic-FN-063 (2).png,Anemic-FN-063,1,IMG_00694
Fingernails/Anemic-FN-063 (3).png,Anemic-FN-063,1,IMG_00695
Fingernails/Anemic-FN-063 (4).png,Anemic-FN-063,1,IMG_00696
Fingernails/Anemic-FN-063 (5).png,Anemic-FN-063,1,IMG_00697
Fingernails/Anemic-FN-063 (6).png,Anemic-FN-063,1,IMG_00698
Fingernails/Anemic-FN-063 (7).png,Anemic-FN-063,1,IMG_00699
Fingernails/Anemic-FN-063 (8).png,Anemic-FN-063,1,IMG_00700
Fingernails/Anemic-FN-063 (9).png,Anemic-FN-063,1,IMG_00701
Fingernails/Anemic-FN-063.png,Anemic-FN-063,1,IMG_00702
Fingernails/Anemic-FN-071 (10).png,Anemic-FN-071,1,IMG_00727
Fingernails/Anemic-FN-071 (11).png,Anemic-FN-071,1,IMG_00728
Fingernails/Anemic-FN-071 (12).png,Anemic-FN-071,1,IMG_00729
Fingernails/Anemic-FN-071 (2).png,Anemic-FN-071,1,IMG_00730
Fingernails/Anemic-FN-071 (3).png,Anemic-FN-071,1,IMG_00731
Fingernails/Anemic-FN-071 (4).png,Anemic-FN-071,1,IMG_00732
Fingernails/Anemic-FN-071 (5).png,Anemic-FN-071,1,IMG_00733
Fingernails/Anemic-FN-071 (6).png,Anemic-FN-071,1,IMG_00734
Fingernails/Anemic-FN-071 (7).png,Anemic-FN-071,1,IMG_00735
Fingernails/Anemic-FN-071 (8).png,Anemic-FN-071,1,IMG_00736
Fingernails/Anemic-FN-071 (9).png,Anemic-FN-071,1,IMG_00737
Fingernails/Anemic-FN-071.png,Anemic-FN-071,1,IMG_00738
Fingernails/Anemic-FN-072 (10).png,Anemic-FN-072,1,IMG_00739
Fingernails/Anemic-FN-072 (11).png,Anemic-FN-072,1,IMG_00740
Fingernails/Anemic-FN-072 (12).png,Anemic-FN-072,1,IMG_00741
Fingernails/Anemic-FN-072 (13).png,Anemic-FN-072,1,IMG_00742
Fingernails/Anemic-FN-072 (14).png,Anemic-FN-072,1,IMG_00743
Fingernails/Anemic-FN-072 (15).png,Anemic-FN-072,1,IMG_00744
Fingernails/Anemic-FN-072 (16).png,Anemic-FN-072,1,IMG_00745
Fingernails/Anemic-FN-072 (17).png,Anemic-FN-072,1,IMG_00746
Fingernails/Anemic-FN-072 (18).png,Anemic-FN-072,1,IMG_00747
Fingernails/Anemic-FN-072 (19).png,Anemic-FN-072,1,IMG_00748
Fingernails/Anemic-FN-072 (2).png,Anemic-FN-072,1,IMG_00749
Fingernails/Anemic-FN-072 (3).png,Anemic-FN-072,1,IMG_00750
Fingernails/Anemic-FN-072 (4).png,Anemic-FN-072,1,IMG_00751
Fingernails/Anemic-FN-072 (5).png,Anemic-FN-072,1,IMG_00752
Fingernails/Anemic-FN-072 (6).png,Anemic-FN-072,1,IMG_00753
Fingernails/Anemic-FN-072 (7).png,Anemic-FN-072,1,IMG_00754
Fingernails/Anemic-FN-072 (8).png,Anemic-FN-072,1,IMG_00755
Fingernails/Anemic-FN-072 (9).png,Anemic-FN-072,1,IMG_00756
Fingernails/Anemic-FN-072.png,Anemic-FN-072,1,IMG_00757
Fingernails/Anemic-FN-076 (10).png,Anemic-FN-076,1,IMG_00780
Fingernails/Anemic-FN-076 (11).png,Anemic-FN-076,1,IMG_00781
Fingernails/Anemic-FN-076 (12).png,Anemic-FN-076,1,IMG_00782
Fingernails/Anemic-FN-076 (2).png,Anemic-FN-076,1,IMG_00783
Fingernails/Anemic-FN-076 (3).png,Anemic-FN-076,1,IMG_00784
Fingernails/Anemic-FN-076 (4).png,Anemic-FN-076,1,IMG_00785
Fingernails/Anemic-FN-076 (5).png,Anemic-FN-076,1,IMG_00786
Fingernails/Anemic-FN-076 (6).png,Anemic-FN-076,1,IMG_00787
Fingernails/Anemic-FN-076 (7).png,Anemic-FN-076,1,IMG_00788
Fingernails/Anemic-FN-076 (8).png,Anemic-FN-076,1,IMG_00789
Fingernails/Anemic-FN-076 (9).png,Anemic-FN-076,1,IMG_00790
Fingernails/Anemic-FN-076.png,Anemic-FN-076,1,IMG_00791
Fingernails/Anemic-FN-078 (10).png,Anemic-FN-078,1,IMG_00792
Fingernails/Anemic-FN-078 (11).png,Anemic-FN-078,1,IMG_00793
Fingernails/Anemic-FN-078 (12).png,Anemic-FN-078,1,IMG_00794
Fingernails/Anemic-FN-078 (2).png,Anemic-FN-078,1,IMG_00795
Fingernails/Anemic-FN-078 (3).png,Anemic-FN-078,1,IMG_00796
Fingernails/Anemic-FN-078 (4).png,Anemic-FN-078,1,IMG_00797
Fingernails/Anemic-FN-078 (5).png,Anemic-FN-078,1,IMG_00798
Fingernails/Anemic-FN-078 (6).png,Anemic-FN-078,1,IMG_00799
Fingernails/Anemic-FN-078 (7).png,Anemic-FN-078,1,IMG_00800
Fingernails/Anemic-FN-078 (8).png,Anemic-FN-078,1,IMG_00801
Fingernails/Anemic-FN-078 (9).png,Anemic-FN-078,1,IMG_00802
Fingernails/Anemic-FN-078.png,Anemic-FN-078,1,IMG_00803
Fingernails/Anemic-FN-079 (10).png,Anemic-FN-079,1,IMG_00804
Fingernails/Anemic-FN-079 (11).png,Anemic-FN-079,1,IMG_00805
Fingernails/Anemic-FN-079 (12).png,Anemic-FN-079,1,IMG_00806
Fingernails/Anemic-FN-079 (2).png,Anemic-FN-079,1,IMG_00807
Fingernails/Anemic-FN-079 (3).png,Anemic-FN-079,1,IMG_00808
Fingernails/Anemic-FN-079 (4).png,Anemic-FN-079,1,IMG_00809
Fingernails/Anemic-FN-079 (5).png,Anemic-FN-079,1,IMG_00810
Fingernails/Anemic-FN-079 (6).png,Anemic-FN-079,1,IMG_00811
Fingernails/Anemic-FN-079 (7).png,Anemic-FN-079,1,IMG_00812
Fingernails/Anemic-FN-079 (8).png,Anemic-FN-079,1,IMG_00813
Fingernails/Anemic-FN-079 (9).png,Anemic-FN-079,1,IMG_00814
Fingernails/Anemic-FN-079.png,Anemic-FN-079,1,IMG_00815
Fingernails/Anemic-FN-080 (10).png,Anemic-FN-080,1,IMG_00816
Fingernails/Anemic-FN-080 (11).png,Anemic-FN-080,1,IMG_00817
Fingernails/Anemic-FN-080 (12).png,Anemic-FN-080,1,IMG_00818
Fingernails/Anemic-FN-080 (2).png,Anemic-FN-080,1,IMG_00819
Fingernails/Anemic-FN-080 (3).png,Anemic-FN-080,1,IMG_00820
Fingernails/Anemic-FN-080 (4).png,Anemic-FN-080,1,IMG_00821
Fingernails/Anemic-FN-080 (5).png,Anemic-FN-080,1,IMG_00822
Fingernails/Anemic-FN-080 (6).png,Anemic-FN-080,1,IMG_00823
Fingernails/Anemic-FN-080 (7).png,Anemic-FN-080,1,IMG_00824
Fingernails/Anemic-FN-080 (8).png,Anemic-FN-080,1,IMG_00825
Fingernails/Anemic-FN-080 (9).png,Anemic-FN-080,1,IMG_00826
Fingernails/Anemic-FN-080.png,Anemic-FN-080,1,IMG_00827
Fingernails/Anemic-FN-081 (10).png,Anemic-FN-081,1,IMG_00828
Fingernails/Anemic-FN-081 (11).png,Anemic-FN-081,1,IMG_00829
Fingernails/Anemic-FN-081 (12).png,Anemic-FN-081,1,IMG_00830
Fingernails/Anemic-FN-081 (2).png,Anemic-FN-081,1,IMG_00831
Fingernails/Anemic-FN-081 (3).png,Anemic-FN-081,1,IMG_00832
Fingernails/Anemic-FN-081 (4).png,Anemic-FN-081,1,IMG_00833
Fingernails/Anemic-FN-081 (5).png,Anemic-FN-081,1,IMG_00834
Fingernails/Anemic-FN-081 (6).png,Anemic-FN-081,1,IMG_00835
Fingernails/Anemic-FN-081 (7).png,Anemic-FN-081,1,IMG_00836
Fingernails/Anemic-FN-081 (8).png,Anemic-FN-081,1,IMG_00837
Fingernails/Anemic-FN-081 (9).png,Anemic-FN-081,1,IMG_00838
Fingernails/Anemic-FN-081.png,Anemic-FN-081,1,IMG_00839
Fingernails/Anemic-FN-082 (10).png,Anemic-FN-082,1,IMG_00840
Fingernails/Anemic-FN-082 (11).png,Anemic-FN-082,1,IMG_00841
Fingernails/Anemic-FN-082 (12).png,Anemic-FN-082,1,IMG_00842
Fingernails/Anemic-FN-082 (2).png,Anemic-FN-082,1,IMG_00843
Fingernails/Anemic-FN-082 (3).png,Anemic-FN-082,1,IMG_00844
Fingernails/Anemic-FN-082 (4).png,Anemic-FN-082,1,IMG_00845
Fingernails/Anemic-FN-082 (5).png,Anemic-FN-082,1,IMG_00846
Fingernails/Anemic-FN-082 (6).png,Anemic-FN-082,1,IMG_00847
Fingernails/Anemic-FN-082 (7).png,Anemic-FN-082,1,IMG_00848
Fingernails/Anemic-FN-082 (8).png,Anemic-FN-082,1,IMG_00849
Fingernails/Anemic-FN-082 (9).png,Anemic-FN-082,1,IMG_00850
Fingernails/Anemic-FN-082.png,Anemic-FN-082,1,IMG_00851
Fingernails/Anemic-FN-084 (10).png,Anemic-FN-084,1,IMG_00864
Fingernails/Anemic-FN-084 (11).png,Anemic-FN-084,1,IMG_00865
Fingernails/Anemic-FN-084 (12).png,Anemic-FN-084,1,IMG_00866
Fingernails/Anemic-FN-084 (2).png,Anemic-FN-084,1,IMG_00867
Fingernails/Anemic-FN-084 (3).png,Anemic-FN-084,1,IMG_00868
Fingernails/Anemic-FN-084 (4).png,Anemic-FN-084,1,IMG_00869
Fingernails/Anemic-FN-084 (5).png,Anemic-FN-084,1,IMG_00870
Fingernails/Anemic-FN-084 (6).png,Anemic-FN-084,1,IMG_00871
Fingernails/Anemic-FN-084 (7).png,Anemic-FN-084,1,IMG_00872
Fingernails/Anemic-FN-084 (8).png,Anemic-FN-084,1,IMG_00873
Fingernails/Anemic-FN-084 (9).png,Anemic-FN-084,1,IMG_00874
Fingernails/Anemic-FN-084.png,Anemic-FN-084,1,IMG_00875
Fingernails/Anemic-FN-087 (10).png,Anemic-FN-087,1,IMG_00876
Fingernails/Anemic-FN-087 (11).png,Anemic-FN-087,1,IMG_00877
Fingernails/Anemic-FN-087 (12).png,Anemic-FN-087,1,IMG_00878
Fingernails/Anemic-FN-087 (2).png,Anemic-FN-087,1,IMG_00879
Fingernails/Anemic-FN-087 (3).png,Anemic-FN-087,1,IMG_00880
Fingernails/Anemic-FN-087 (4).png,Anemic-FN-087,1,IMG_00881
Fingernails/Anemic-FN-087 (5).png,Anemic-FN-087,1,IMG_00882
Fingernails/Anemic-FN-087 (6).png,Anemic-FN-087,1,IMG_00883
Fingernails/Anemic-FN-087 (7).png,Anemic-FN-087,1,IMG_00884
Fingernails/Anemic-FN-087 (8).png,Anemic-FN-087,1,IMG_00885
Fingernails/Anemic-FN-087 (9).png,Anemic-FN-087,1,IMG_00886
Fingernails/Anemic-FN-087.png,Anemic-FN-087,1,IMG_00887
Fingernails/Anemic-FN-089 (10).png,Anemic-FN-089,1,IMG_00888
Fingernails/Anemic-FN-089 (11).png,Anemic-FN-089,1,IMG_00889
Fingernails/Anemic-FN-089 (12).png,Anemic-FN-089,1,IMG_00890
Fingernails/Anemic-FN-089 (2).png,Anemic-FN-089,1,IMG_00891
Fingernails/Anemic-FN-089 (3).png,Anemic-FN-089,1,IMG_00892
Fingernails/Anemic-FN-089 (4).png,Anemic-FN-089,1,IMG_00893
Fingernails/Anemic-FN-089 (5).png,Anemic-FN-089,1,IMG_00894
Fingernails/Anemic-FN-089 (6).png,Anemic-FN-089,1,IMG_00895
Fingernails/Anemic-FN-089 (7).png,Anemic-FN-089,1,IMG_00896
Fingernails/Anemic-FN-089 (8).png,Anemic-FN-089,1,IMG_00897
Fingernails/Anemic-FN-089 (9).png,Anemic-FN-089,1,IMG_00898
Fingernails/Anemic-FN-089.png,Anemic-FN-089,1,IMG_00899
Fingernails/Anemic-FN-093 (2).png,Anemic-FN-093,1,IMG_00900
Fingernails/Anemic-FN-093 (3).png,Anemic-FN-093,1,IMG_00901
Fingernails/Anemic-FN-093 (4).png,Anemic-FN-093,1,IMG_00902
Fingernails/Anemic-FN-093 (5).png,Anemic-FN-093,1,IMG_00903
Fingernails/Anemic-FN-093 (6).png,Anemic-FN-093,1,IMG_00904
Fingernails/Anemic-FN-093.png,Anemic-FN-093,1,IMG_00905
Fingernails/Anemic-FN-098 (2).png,Anemic-FN-098,1,IMG_00906
Fingernails/Anemic-FN-098 (3).png,Anemic-FN-098,1,IMG_00907
Fingernails/Anemic-FN-098 (4).png,Anemic-FN-098,1,IMG_00908
Fingernails/Anemic-FN-098 (5).png,Anemic-FN-098,1,IMG_00909
Fingernails/Anemic-FN-098 (6).png,Anemic-FN-098,1,IMG_00910
Fingernails/Anemic-FN-098.png,Anemic-FN-098,1,IMG_00911
Fingernails/Anemic-FN-099 (2).png,Anemic-FN-099,1,IMG_00912
Fingernails/Anemic-FN-099 (3).png,Anemic-FN-099,1,IMG_00913
Fingernails/Anemic-FN-099 (4).png,Anemic-FN-099,1,IMG_00914
Fingernails/Anemic-FN-099 (5).png,Anemic-FN-099,1,IMG_00915
Fingernails/Anemic-FN-099 (6).png,Anemic-FN-099,1,IMG_00916
Fingernails/Anemic-FN-099.png,Anemic-FN-099,1,IMG_00917
Fingernails/Anemic-FN-100 (2).png,Anemic-FN-100,1,IMG_00918
Fingernails/Anemic-FN-100 (3).png,Anemic-FN-100,1,IMG_00919
Fingernails/Anemic-FN-100 (4).png,Anemic-FN-100,1,IMG_00920
Fingernails/Anemic-FN-100 (5).png,Anemic-FN-100,1,IMG_00921
Fingernails/Anemic-FN-100 (6).png,Anemic-FN-100,1,IMG_00922
Fingernails/Anemic-FN-100.png,Anemic-FN-100,1,IMG_00923
Fingernails/Anemic-FN-107 (2).png,Anemic-FN-107,1,IMG_00942
Fingernails/Anemic-FN-107 (3).png,Anemic-FN-107,1,IMG_00943
Fingernails/Anemic-FN-107 (4).png,Anemic-FN-107,1,IMG_00944
Fingernails/Anemic-FN-107 (5).png,Anemic-FN-107,1,IMG_00945
Fingernails/Anemic-FN-107 (6).png,Anemic-FN-107,1,IMG_00946
Fingernails/Anemic-FN-107.png,Anemic-FN-107,1,IMG_00947
Fingernails/Anemic-FN-112 (2).png,Anemic-FN-112,1,IMG_00966
Fingernails/Anemic-FN-112 (3).png,Anemic-FN-112,1,IMG_00967
Fingernails/Anemic-FN-112 (4).png,Anemic-FN-112,1,IMG_00968
Fingernails/Anemic-FN-112 (5).png,Anemic-FN-112,1,IMG_00969
Fingernails/Anemic-FN-112 (6).png,Anemic-FN-112,1,IMG_00970
Fingernails/Anemic-FN-112.png,Anemic-FN-112,1,IMG_00971
Fingernails/Anemic-FN-117 (2).png,Anemic-FN-117,1,IMG_00972
Fingernails/Anemic-FN-117 (3).png,Anemic-FN-117,1,IMG_00973
Fingernails/Anemic-FN-117 (4).png,Anemic-FN-117,1,IMG_00974
Fingernails/Anemic-FN-117 (5).png,Anemic-FN-117,1,IMG_00975
Fingernails/Anemic-FN-117 (6).png,Anemic-FN-117,1,IMG_00976
Fingernails/Anemic-FN-117.png,Anemic-FN-117,1,IMG_00977
Fingernails/Anemic-FN-118 (2).png,Anemic-FN-118,1,IMG_00978
Fingernails/Anemic-FN-118 (3).png,Anemic-FN-118,1,IMG_00979
Fingernails/Anemic-FN-118 (4).png,Anemic-FN-118,1,IMG_00980
Fingernails/Anemic-FN-118 (5).png,Anemic-FN-118,1,IMG_00981
Fingernails/Anemic-FN-118 (6).png,Anemic-FN-118,1,IMG_00982
Fingernails/Anemic-FN-118.png,Anemic-FN-118,1,IMG_00983
Fingernails/Anemic-FN-119 (2).png,Anemic-FN-119,1,IMG_00984
Fingernails/Anemic-FN-119 (3).png,Anemic-FN-119,1,IMG_00985
Fingernails/Anemic-FN-119 (4).png,Anemic-FN-119,1,IMG_00986
Fingernails/Anemic-FN-119 (5).png,Anemic-FN-119,1,IMG_00987
Fingernails/Anemic-FN-119 (6).png,Anemic-FN-119,1,IMG_00988
Fingernails/Anemic-FN-119.png,Anemic-FN-119,1,IMG_00989
Fingernails/Anemic-FN-121 (2).png,Anemic-FN-121,1,IMG_00990
Fingernails/Anemic-FN-121 (3).png,Anemic-FN-121,1,IMG_00991
Fingernails/Anemic-FN-121 (4).png,Anemic-FN-121,1,IMG_00992
Fingernails/Anemic-FN-121 (5).png,Anemic-FN-121,1,IMG_00993
Fingernails/Anemic-FN-121 (6).png,Anemic-FN-121,1,IMG_00994
Fingernails/Anemic-FN-121.png,Anemic-FN-121,1,IMG_00995
Fingernails/Anemic-FN-122 (2).png,Anemic-FN-122,1,IMG_00996
Fingernails/Anemic-FN-122 (3).png,Anemic-FN-122,1,IMG_00997
Fingernails/Anemic-FN-122 (4).png,Anemic-FN-122,1,IMG_00998
Fingernails/Anemic-FN-122 (5).png,Anemic-FN-122,1,IMG_00999
Fingernails/Anemic-FN-122 (6).png,Anemic-FN-122,1,IMG_01000
Fingernails/Anemic-FN-122.png,Anemic-FN-122,1,IMG_01001
Fingernails/Anemic-FN-123 (2).png,Anemic-FN-123,1,IMG_01002
Fingernails/Anemic-FN-123 (3).png,Anemic-FN-123,1,IMG_01003
Fingernails/Anemic-FN-123 (4).png,Anemic-FN-123,1,IMG_01004
Fingernails/Anemic-FN-123 (5).png,Anemic-FN-123,1,IMG_01005
Fingernails/Anemic-FN-123 (6).png,Anemic-FN-123,1,IMG_01006
Fingernails/Anemic-FN-123.png,Anemic-FN-123,1,IMG_01007
Fingernails/Anemic-FN-125 (2).png,Anemic-FN-125,1,IMG_01008
Fingernails/Anemic-FN-125 (3).png,Anemic-FN-125,1,IMG_01009
Fingernails/Anemic-FN-125 (4).png,Anemic-FN-125,1,IMG_01010
Fingernails/Anemic-FN-125 (5).png,Anemic-FN-125,1,IMG_01011
Fingernails/Anemic-FN-125 (6).png,Anemic-FN-125,1,IMG_01012
Fingernails/Anemic-FN-125.png,Anemic-FN-125,1,IMG_01013
Fingernails/Anemic-FN-126 (2).png,Anemic-FN-126,1,IMG_01014
Fingernails/Anemic-FN-126 (3).png,Anemic-FN-126,1,IMG_01015
Fingernails/Anemic-FN-126 (4).png,Anemic-FN-126,1,IMG_01016
Fingernails/Anemic-FN-126 (5).png,Anemic-FN-126,1,IMG_01017
Fingernails/Anemic-FN-126 (6).png,Anemic-FN-126,1,IMG_01018
Fingernails/Anemic-FN-126.png,Anemic-FN-126,1,IMG_01019
Fingernails/Anemic-FN-127 (2).png,Anemic-FN-127,1,IMG_01020
Fingernails/Anemic-FN-127 (3).png,Anemic-FN-127,1,IMG_01021
Fingernails/Anemic-FN-127 (4).png,Anemic-FN-127,1,IMG_01022
Fingernails/Anemic-FN-127 (5).png,Anemic-FN-127,1,IMG_01023
Fingernails/Anemic-FN-127 (6).png,Anemic-FN-127,1,IMG_01024
Fingernails/Anemic-FN-127.png,Anemic-FN-127,1,IMG_01025
Fingernails/Anemic-FN-128 (2).png,Anemic-FN-128,1,IMG_01026
Fingernails/Anemic-FN-128 (3).png,Anemic-FN-128,1,IMG_01027
Fingernails/Anemic-FN-128 (4).png,Anemic-FN-128,1,IMG_01028
Fingernails/Anemic-FN-128 (5).png,Anemic-FN-128,1,IMG_01029
Fingernails/Anemic-FN-128 (6).png,Anemic-FN-128,1,IMG_01030
Fingernails/Anemic-FN-128.png,Anemic-FN-128,1,IMG_01031
Fingernails/Anemic-FN-129 (2).png,Anemic-FN-129,1,IMG_01032
Fingernails/Anemic-FN-129 (3).png,Anemic-FN-129,1,IMG_01033
Fingernails/Anemic-FN-129 (4).png,Anemic-FN-129,1,IMG_01034
Fingernails/Anemic-FN-129 (5).png,Anemic-FN-129,1,IMG_01035
Fingernails/Anemic-FN-129 (6).png,Anemic-FN-129,1,IMG_01036
Fingernails/Anemic-FN-129.png,Anemic-FN-129,1,IMG_01037
Fingernails/Anemic-FN-132 (2).png,Anemic-FN-132,1,IMG_01044
Fingernails/Anemic-FN-132 (3).png,Anemic-FN-132,1,IMG_01045
Fingernails/Anemic-FN-132 (4).png,Anemic-FN-132,1,IMG_01046
Fingernails/Anemic-FN-132 (5).png,Anemic-FN-132,1,IMG_01047
Fingernails/Anemic-FN-132 (6).png,Anemic-FN-132,1,IMG_01048
Fingernails/Anemic-FN-132.png,Anemic-FN-132,1,IMG_01049
Fingernails/Anemic-FN-134 (2).png,Anemic-FN-134,1,IMG_01056
Fingernails/Anemic-FN-134 (3).png,Anemic-FN-134,1,IMG_01057
Fingernails/Anemic-FN-134 (4).png,Anemic-FN-134,1,IMG_01058
Fingernails/Anemic-FN-134 (5).png,Anemic-FN-134,1,IMG_01059
Fingernails/Anemic-FN-134 (6).png,Anemic-FN-134,1,IMG_01060
Fingernails/Anemic-FN-134.png,Anemic-FN-134,1,IMG_01061
Fingernails/Anemic-FN-135 (2).png,Anemic-FN-135,1,IMG_01062
Fingernails/Anemic-FN-135 (3).png,Anemic-FN-135,1,IMG_01063
Fingernails/Anemic-FN-135 (4).png,Anemic-FN-135,1,IMG_01064
Fingernails/Anemic-FN-135 (5).png,Anemic-FN-135,1,IMG_01065
Fingernails/Anemic-FN-135 (6).png,Anemic-FN-135,1,IMG_01066
Fingernails/Anemic-FN-135.png,Anemic-FN-135,1,IMG_01067
Fingernails/Anemic-FN-139 (2).png,Anemic-FN-139,1,IMG_01080
Fingernails/Anemic-FN-139 (3).png,Anemic-FN-139,1,IMG_01081
Fingernails/Anemic-FN-139 (4).png,Anemic-FN-139,1,IMG_01082
Fingernails/Anemic-FN-139 (5).png,Anemic-FN-139,1,IMG_01083
Fingernails/Anemic-FN-139 (6).png,Anemic-FN-139,1,IMG_01084
Fingernails/Anemic-FN-139.png,Anemic-FN-139,1,IMG_01085
Fingernails/Anemic-FN-142 (2).png,Anemic-FN-142,1,IMG_01086
Fingernails/Anemic-FN-142 (3).png,Anemic-FN-142,1,IMG_01087
Fingernails/Anemic-FN-142 (4).png,Anemic-FN-142,1,IMG_01088
Fingernails/Anemic-FN-142 (5).png,Anemic-FN-142,1,IMG_01089
Fingernails/Anemic-FN-142 (6).png,Anemic-FN-142,1,IMG_01090
Fingernails/Anemic-FN-142.png,Anemic-FN-142,1,IMG_01091
Fingernails/Anemic-FN-144 (2).png,Anemic-FN-144,1,IMG_01092
Fingernails/Anemic-FN-144 (3).png,Anemic-FN-144,1,IMG_01093
Fingernails/Anemic-FN-144 (4).png,Anemic-FN-144,1,IMG_01094
Fingernails/Anemic-FN-144 (5).png,Anemic-FN-144,1,IMG_01095
Fingernails/Anemic-FN-144 (6).png,Anemic-FN-144,1,IMG_01096
Fingernails/Anemic-FN-144.png,Anemic-FN-144,1,IMG_01097
Fingernails/Anemic-FN-148 (2).png,Anemic-FN-148,1,IMG_01098
Fingernails/Anemic-FN-148 (3).png,Anemic-FN-148,1,IMG_01099
Fingernails/Anemic-FN-148 (4).png,Anemic-FN-148,1,IMG_01100
Fingernails/Anemic-FN-148 (5).png,Anemic-FN-148,1,IMG_01101
Fingernails/Anemic-FN-148 (6).png,Anemic-FN-148,1,IMG_01102
Fingernails/Anemic-FN-148.png,Anemic-FN-148,1,IMG_01103
Fingernails/Anemic-FN-150 (2).png,Anemic-FN-150,1,IMG_01104
Fingernails/Anemic-FN-150 (3).png,Anemic-FN-150,1,IMG_01105
Fingernails/Anemic-FN-150 (4).png,Anemic-FN-150,1,IMG_01106
Fingernails/Anemic-FN-150 (5).png,Anemic-FN-150,1,IMG_01107
Fingernails/Anemic-FN-150 (6).png,Anemic-FN-150,1,IMG_01108
Fingernails/Anemic-FN-150.png,Anemic-FN-150,1,IMG_01109
Fingernails/Anemic-FN-151 (2).png,Anemic-FN-151,1,IMG_01110
Fingernails/Anemic-FN-151 (3).png,Anemic-FN-151,1,IMG_01111
Fingernails/Anemic-FN-151 (4).png,Anemic-FN-151,1,IMG_01112
Fingernails/Anemic-FN-151 (5).png,Anemic-FN-151,1,IMG_01113
Fingernails/Anemic-FN-151 (6).png,Anemic-FN-151,1,IMG_01114
Fingernails/Anemic-FN-151.png,Anemic-FN-151,1,IMG_01115
Fingernails/Anemic-FN-153 (2).png,Anemic-FN-153,1,IMG_01122
Fingernails/Anemic-FN-153 (3).png,Anemic-FN-153,1,IMG_01123
Fingernails/Anemic-FN-153 (4).png,Anemic-FN-153,1,IMG_01124
Fingernails/Anemic-FN-153 (5).png,Anemic-FN-153,1,IMG_01125
Fingernails/Anemic-FN-153 (6).png,Anemic-FN-153,1,IMG_01126
Fingernails/Anemic-FN-153.png,Anemic-FN-153,1,IMG_01127
Fingernails/Anemic-FN-156 (2).png,Anemic-FN-156,1,IMG_01134
Fingernails/Anemic-FN-156 (3).png,Anemic-FN-156,1,IMG_01135
Fingernails/Anemic-FN-156 (4).png,Anemic-FN-156,1,IMG_01136
Fingernails/Anemic-FN-156 (5).png,Anemic-FN-156,1,IMG_01137
Fingernails/Anemic-FN-156 (6).png,Anemic-FN-156,1,IMG_01138
Fingernails/Anemic-FN-156.png,Anemic-FN-156,1,IMG_01139
Fingernails/Anemic-FN-158 (2).png,Anemic-FN-158,1,IMG_01140
Fingernails/Anemic-FN-158 (3).png,Anemic-FN-158,1,IMG_01141
Fingernails/Anemic-FN-158 (4).png,Anemic-FN-158,1,IMG_01142
Fingernails/Anemic-FN-158 (5).png,Anemic-FN-158,1,IMG_01143
Fingernails/Anemic-FN-158 (6).png,Anemic-FN-158,1,IMG_01144
Fingernails/Anemic-FN-158.png,Anemic-FN-158,1,IMG_01145
Fingernails/Anemic-FN-160 (2).png,Anemic-FN-160,1,IMG_01146
Fingernails/Anemic-FN-160 (3).png,Anemic-FN-160,1,IMG_01147
Fingernails/Anemic-FN-160 (4).png,Anemic-FN-160,1,IMG_01148
Fingernails/Anemic-FN-160 (5).png,Anemic-FN-160,1,IMG_01149
Fingernails/Anemic-FN-160 (6).png,Anemic-FN-160,1,IMG_01150
Fingernails/Anemic-FN-160.png,Anemic-FN-160,1,IMG_01151
Fingernails/Anemic-FN-162 (2).png,Anemic-FN-162,1,IMG_01152
Fingernails/Anemic-FN-162 (3).png,Anemic-FN-162,1,IMG_01153
Fingernails/Anemic-FN-162 (4).png,Anemic-FN-162,1,IMG_01154
Fingernails/Anemic-FN-162 (5).png,Anemic-FN-162,1,IMG_01155
Fingernails/Anemic-FN-162 (6).png,Anemic-FN-162,1,IMG_01156
Fingernails/Anemic-FN-162.png,Anemic-FN-162,1,IMG_01157
Fingernails/Anemic-FN-166 (2).png,Anemic-FN-166,1,IMG_01164
Fingernails/Anemic-FN-166 (3).png,Anemic-FN-166,1,IMG_01165
Fingernails/Anemic-FN-166 (4).png,Anemic-FN-166,1,IMG_01166
Fingernails/Anemic-FN-166 (5).png,Anemic-FN-166,1,IMG_01167
Fingernails/Anemic-FN-166 (6).png,Anemic-FN-166,1,IMG_01168
Fingernails/Anemic-FN-166.png,Anemic-FN-166,1,IMG_01169
Fingernails/Anemic-FN-167 (2).png,Anemic-FN-167,1,IMG_01170
Fingernails/Anemic-FN-167 (3).png,Anemic-FN-167,1,IMG_01171
Fingernails/Anemic-FN-167 (4).png,Anemic-FN-167,1,IMG_01172
Fingernails/Anemic-FN-167 (5).png,Anemic-FN-167,1,IMG_01173
Fingernails/Anemic-FN-167 (6).png,Anemic-FN-167,1,IMG_01174
Fingernails/Anemic-FN-167.png,Anemic-FN-167,1,IMG_01175
Fingernails/Anemic-FN-168 (2).png,Anemic-FN-168,1,IMG_01176
Fingernails/Anemic-FN-168 (3).png,Anemic-FN-168,1,IMG_01177
Fingernails/Anemic-FN-168 (4).png,Anemic-FN-168,1,IMG_01178
Fingernails/Anemic-FN-168 (5).png,Anemic-FN-168,1,IMG_01179
Fingernails/Anemic-FN-168 (6).png,Anemic-FN-168,1,IMG_01180
Fingernails/Anemic-FN-168.png,Anemic-FN-168,1,IMG_01181
Fingernails/Anemic-FN-170 (2).png,Anemic-FN-170,1,IMG_01182
Fingernails/Anemic-FN-170 (3).png,Anemic-FN-170,1,IMG_01183
Fingernails/Anemic-FN-170 (4).png,Anemic-FN-170,1,IMG_01184
Fingernails/Anemic-FN-170 (5).png,Anemic-FN-170,1,IMG_01185
Fingernails/Anemic-FN-170 (6).png,Anemic-FN-170,1,IMG_01186
Fingernails/Anemic-FN-170.png,Anemic-FN-170,1,IMG_01187
Fingernails/Anemic-FN-171 (2).png,Anemic-FN-171,1,IMG_01188
Fingernails/Anemic-FN-171 (3).png,Anemic-FN-171,1,IMG_01189
Fingernails/Anemic-FN-171 (4).png,Anemic-FN-171,1,IMG_01190
Fingernails/Anemic-FN-171 (5).png,Anemic-FN-171,1,IMG_01191
Fingernails/Anemic-FN-171 (6).png,Anemic-FN-171,1,IMG_01192
Fingernails/Anemic-FN-171.png,Anemic-FN-171,1,IMG_01193
Fingernails/Anemic-FN-173 (2).png,Anemic-FN-173,1,IMG_01200
Fingernails/Anemic-FN-173 (3).png,Anemic-FN-173,1,IMG_01201
Fingernails/Anemic-FN-173 (4).png,Anemic-FN-173,1,IMG_01202
Fingernails/Anemic-FN-173 (5).png,Anemic-FN-173,1,IMG_01203
Fingernails/Anemic-FN-173 (6).png,Anemic-FN-173,1,IMG_01204
Fingernails/Anemic-FN-173.png,Anemic-FN-173,1,IMG_01205
Fingernails/Anemic-FN-175 (2).png,Anemic-FN-175,1,IMG_01212
Fingernails/Anemic-FN-175 (3).png,Anemic-FN-175,1,IMG_01213
Fingernails/Anemic-FN-175 (4).png,Anemic-FN-175,1,IMG_01214
Fingernails/Anemic-FN-175 (5).png,Anemic-FN-175,1,IMG_01215
Fingernails/Anemic-FN-175 (6).png,Anemic-FN-175,1,IMG_01216
Fingernails/Anemic-FN-175.png,Anemic-FN-175,1,IMG_01217
Fingernails/Anemic-FN-176 (2).png,Anemic-FN-176,1,IMG_01218
Fingernails/Anemic-FN-176 (3).png,Anemic-FN-176,1,IMG_01219
Fingernails/Anemic-FN-176 (4).png,Anemic-FN-176,1,IMG_01220
Fingernails/Anemic-FN-176 (5).png,Anemic-FN-176,1,IMG_01221
Fingernails/Anemic-FN-176 (6).png,Anemic-FN-176,1,IMG_01222
Fingernails/Anemic-FN-176.png,Anemic-FN-176,1,IMG_01223
Fingernails/Anemic-FN-178 (2).png,Anemic-FN-178,1,IMG_01230
Fingernails/Anemic-FN-178 (3).png,Anemic-FN-178,1,IMG_01231
Fingernails/Anemic-FN-178 (4).png,Anemic-FN-178,1,IMG_01232
Fingernails/Anemic-FN-178 (5).png,Anemic-FN-178,1,IMG_01233
Fingernails/Anemic-FN-178 (6).png,Anemic-FN-178,1,IMG_01234
Fingernails/Anemic-FN-178.png,Anemic-FN-178,1,IMG_01235
Fingernails/Anemic-FN-180 (2).png,Anemic-FN-180,1,IMG_01236
Fingernails/Anemic-FN-180 (3).png,Anemic-FN-180,1,IMG_01237
Fingernails/Anemic-FN-180 (4).png,Anemic-FN-180,1,IMG_01238
Fingernails/Anemic-FN-180 (5).png,Anemic-FN-180,1,IMG_01239
Fingernails/Anemic-FN-180 (6).png,Anemic-FN-180,1,IMG_01240
Fingernails/Anemic-FN-180.png,Anemic-FN-180,1,IMG_01241
Fingernails/Anemic-FN-182 (2).png,Anemic-FN-182,1,IMG_01242
Fingernails/Anemic-FN-182 (3).png,Anemic-FN-182,1,IMG_01243
Fingernails/Anemic-FN-182 (4).png,Anemic-FN-182,1,IMG_01244
Fingernails/Anemic-FN-182 (5).png,Anemic-FN-182,1,IMG_01245
Fingernails/Anemic-FN-182 (6).png,Anemic-FN-182,1,IMG_01246
Fingernails/Anemic-FN-182.png,Anemic-FN-182,1,IMG_01247
Fingernails/Anemic-FN-183 (2).png,Anemic-FN-183,1,IMG_01248
Fingernails/Anemic-FN-183 (3).png,Anemic-FN-183,1,IMG_01249
Fingernails/Anemic-FN-183 (4).png,Anemic-FN-183,1,IMG_01250
Fingernails/Anemic-FN-183 (5).png,Anemic-FN-183,1,IMG_01251
Fingernails/Anemic-FN-183 (6).png,Anemic-FN-183,1,IMG_01252
Fingernails/Anemic-FN-183.png,Anemic-FN-183,1,IMG_01253
Fingernails/Anemic-FN-184 (2).png,Anemic-FN-184,1,IMG_01254
Fingernails/Anemic-FN-184 (3).png,Anemic-FN-184,1,IMG_01255
Fingernails/Anemic-FN-184 (4).png,Anemic-FN-184,1,IMG_01256
Fingernails/Anemic-FN-184 (5).png,Anemic-FN-184,1,IMG_01257
Fingernails/Anemic-FN-184 (6).png,Anemic-FN-184,1,IMG_01258
Fingernails/Anemic-FN-184.png,Anemic-FN-184,1,IMG_01259
Fingernails/Anemic-FN-185 (2).png,Anemic-FN-185,1,IMG_01260
Fingernails/Anemic-FN-185 (3).png,Anemic-FN-185,1,IMG_01261
Fingernails/Anemic-FN-185 (4).png,Anemic-FN-185,1,IMG_01262
Fingernails/Anemic-FN-185 (5).png,Anemic-FN-185,1,IMG_01263
Fingernails/Anemic-FN-185 (6).png,Anemic-FN-185,1,IMG_01264
Fingernails/Anemic-FN-185.png,Anemic-FN-185,1,IMG_01265
Fingernails/Anemic-FN-186 (2).png,Anemic-FN-186,1,IMG_01266
Fingernails/Anemic-FN-186 (3).png,Anemic-FN-186,1,IMG_01267
Fingernails/Anemic-FN-186 (4).png,Anemic-FN-186,1,IMG_01268
Fingernails/Anemic-FN-186 (5).png,Anemic-FN-186,1,IMG_01269
Fingernails/Anemic-FN-186 (6).png,Anemic-FN-186,1,IMG_01270
Fingernails/Anemic-FN-186.png,Anemic-FN-186,1,IMG_01271
Fingernails/Anemic-FN-187 (2).png,Anemic-FN-187,1,IMG_01272
Fingernails/Anemic-FN-187 (3).png,Anemic-FN-187,1,IMG_01273
Fingernails/Anemic-FN-187 (4).png,Anemic-FN-187,1,IMG_01274
Fingernails/Anemic-FN-187 (5).png,Anemic-FN-187,1,IMG_01275
Fingernails/Anemic-FN-187 (6).png,Anemic-FN-187,1,IMG_01276
Fingernails/Anemic-FN-187.png,Anemic-FN-187,1,IMG_01277
Fingernails/Anemic-FN-189 (2).png,Anemic-FN-189,1,IMG_01278
Fingernails/Anemic-FN-189 (3).png,Anemic-FN-189,1,IMG_01279
Fingernails/Anemic-FN-189 (4).png,Anemic-FN-189,1,IMG_01280
Fingernails/Anemic-FN-189 (5).png,Anemic-FN-189,1,IMG_01281
Fingernails/Anemic-FN-189 (6).png,Anemic-FN-189,1,IMG_01282
Fingernails/Anemic-FN-189.png,Anemic-FN-189,1,IMG_01283
Fingernails/Anemic-FN-196 (2).png,Anemic-FN-196,1,IMG_01320
Fingernails/Anemic-FN-196 (3).png,Anemic-FN-196,1,IMG_01321
Fingernails/Anemic-FN-196 (4).png,Anemic-FN-196,1,IMG_01322
Fingernails/Anemic-FN-196 (5).png,Anemic-FN-196,1,IMG_01323
Fingernails/Anemic-FN-196 (6).png,Anemic-FN-196,1,IMG_01324
Fingernails/Anemic-FN-196.png,Anemic-FN-196,1,IMG_01325
Fingernails/Anemic-FN-198 (2).png,Anemic-FN-198,1,IMG_01326
Fingernails/Anemic-FN-198 (3).png,Anemic-FN-198,1,IMG_01327
Fingernails/Anemic-FN-198 (4).png,Anemic-FN-198,1,IMG_01328
Fingernails/Anemic-FN-198 (5).png,Anemic-FN-198,1,IMG_01329
Fingernails/Anemic-FN-198 (6).png,Anemic-FN-198,1,IMG_01330
Fingernails/Anemic-FN-198.png,Anemic-FN-198,1,IMG_01331
Fingernails/Anemic-FN-199 (2).png,Anemic-FN-199,1,IMG_01332
Fingernails/Anemic-FN-199 (3).png,Anemic-FN-199,1,IMG_01333
Fingernails/Anemic-FN-199 (4).png,Anemic-FN-199,1,IMG_01334
Fingernails/Anemic-FN-199 (5).png,Anemic-FN-199,1,IMG_01335
Fingernails/Anemic-FN-199 (6).png,Anemic-FN-199,1,IMG_01336
Fingernails/Anemic-FN-199.png,Anemic-FN-199,1,IMG_01337
Fingernails/Anemic-FN-201 (2).png,Anemic-FN-201,1,IMG_01338
Fingernails/Anemic-FN-201 (3).png,Anemic-FN-201,1,IMG_01339
Fingernails/Anemic-FN-201 (4).png,Anemic-FN-201,1,IMG_01340
Fingernails/Anemic-FN-201 (5).png,Anemic-FN-201,1,IMG_01341
Fingernails/Anemic-FN-201 (6).png,Anemic-FN-201,1,IMG_01342
Fingernails/Anemic-FN-201.png,Anemic-FN-201,1,IMG_01343
Fingernails/Anemic-FN-205 (2).png,Anemic-FN-205,1,IMG_01350
Fingernails/Anemic-FN-205 (3).png,Anemic-FN-205,1,IMG_01351
Fingernails/Anemic-FN-205 (4).png,Anemic-FN-205,1,IMG_01352
Fingernails/Anemic-FN-205 (5).png,Anemic-FN-205,1,IMG_01353
Fingernails/Anemic-FN-205 (6).png,Anemic-FN-205,1,IMG_01354
Fingernails/Anemic-FN-205.png,Anemic-FN-205,1,IMG_01355
Fingernails/Anemic-FN-207 (2).png,Anemic-FN-207,1,IMG_01356
Fingernails/Anemic-FN-207 (3).png,Anemic-FN-207,1,IMG_01357
Fingernails/Anemic-FN-207 (4).png,Anemic-FN-207,1,IMG_01358
Fingernails/Anemic-FN-207 (5).png,Anemic-FN-207,1,IMG_01359
Fingernails/Anemic-FN-207 (6).png,Anemic-FN-207,1,IMG_01360
Fingernails/Anemic-FN-207.png,Anemic-FN-207,1,IMG_01361
Fingernails/Anemic-FN-209 (2).png,Anemic-FN-209,1,IMG_01362
Fingernails/Anemic-FN-209 (3).png,Anemic-FN-209,1,IMG_01363
Fingernails/Anemic-FN-209 (4).png,Anemic-FN-209,1,IMG_01364
Fingernails/Anemic-FN-209 (5).png,Anemic-FN-209,1,IMG_01365
Fingernails/Anemic-FN-209 (6).png,Anemic-FN-209,1,IMG_01366
Fingernails/Anemic-FN-209.png,Anemic-FN-209,1,IMG_01367
Fingernails/Anemic-FN-212 (2).png,Anemic-FN-212,1,IMG_01374
Fingernails/Anemic-FN-212 (3).png,Anemic-FN-212,1,IMG_01375
Fingernails/Anemic-FN-212 (4).png,Anemic-FN-212,1,IMG_01376
Fingernails/Anemic-FN-212 (5).png,Anemic-FN-212,1,IMG_01377
Fingernails/Anemic-FN-212 (6).png,Anemic-FN-212,1,IMG_01378
Fingernails/Anemic-FN-212.png,Anemic-FN-212,1,IMG_01379
Fingernails/Anemic-FN-213 (2).png,Anemic-FN-213,1,IMG_01380
Fingernails/Anemic-FN-213 (3).png,Anemic-FN-213,1,IMG_01381
Fingernails/Anemic-FN-213 (4).png,Anemic-FN-213,1,IMG_01382
Fingernails/Anemic-FN-213 (5).png,Anemic-FN-213,1,IMG_01383
Fingernails/Anemic-FN-213 (6).png,Anemic-FN-213,1,IMG_01384
Fingernails/Anemic-FN-213.png,Anemic-FN-213,1,IMG_01385
Fingernails/Anemic-FN-214 (2).png,Anemic-FN-214,1,IMG_01386
Fingernails/Anemic-FN-214 (3).png,Anemic-FN-214,1,IMG_01387
Fingernails/Anemic-FN-214 (4).png,Anemic-FN-214,1,IMG_01388
Fingernails/Anemic-FN-214 (5).png,Anemic-FN-214,1,IMG_01389
Fingernails/Anemic-FN-214 (6).png,Anemic-FN-214,1,IMG_01390
Fingernails/Anemic-FN-214.png,Anemic-FN-214,1,IMG_01391
Fingernails/Anemic-FN-222 (2).png,Anemic-FN-222,1,IMG_01422
Fingernails/Anemic-FN-222 (3).png,Anemic-FN-222,1,IMG_01423
Fingernails/Anemic-FN-222 (4).png,Anemic-FN-222,1,IMG_01424
Fingernails/Anemic-FN-222 (5).png,Anemic-FN-222,1,IMG_01425
Fingernails/Anemic-FN-222 (6).png,Anemic-FN-222,1,IMG_01426
Fingernails/Anemic-FN-222.png,Anemic-FN-222,1,IMG_01427
Fingernails/Anemic-FN-225 (2).png,Anemic-FN-225,1,IMG_01428
Fingernails/Anemic-FN-225 (3).png,Anemic-FN-225,1,IMG_01429
Fingernails/Anemic-FN-225 (4).png,Anemic-FN-225,1,IMG_01430
Fingernails/Anemic-FN-225 (5).png,Anemic-FN-225,1,IMG_01431
Fingernails/Anemic-FN-225 (6).png,Anemic-FN-225,1,IMG_01432
Fingernails/Anemic-FN-225.png,Anemic-FN-225,1,IMG_01433
Fingernails/Anemic-FN-226 (2).png,Anemic-FN-226,1,IMG_01434
Fingernails/Anemic-FN-226 (3).png,Anemic-FN-226,1,IMG_01435
Fingernails/Anemic-FN-226 (4).png,Anemic-FN-226,1,IMG_01436
Fingernails/Anemic-FN-226 (5).png,Anemic-FN-226,1,IMG_01437
Fingernails/Anemic-FN-226 (6).png,Anemic-FN-226,1,IMG_01438
Fingernails/Anemic-FN-226.png,Anemic-FN-226,1,IMG_01439
Fingernails/Anemic-FN-228 (2).png,Anemic-FN-228,1,IMG_01440
Fingernails/Anemic-FN-228 (3).png,Anemic-FN-228,1,IMG_01441
Fingernails/Anemic-FN-228 (4).png,Anemic-FN-228,1,IMG_01442
Fingernails/Anemic-FN-228 (5).png,Anemic-FN-228,1,IMG_01443
Fingernails/Anemic-FN-228 (6).png,Anemic-FN-228,1,IMG_01444
Fingernails/Anemic-FN-228.png,Anemic-FN-228,1,IMG_01445
Fingernails/Anemic-FN-231 (2).png,Anemic-FN-231,1,IMG_01446
Fingernails/Anemic-FN-231 (3).png,Anemic-FN-231,1,IMG_01447
Fingernails/Anemic-FN-231 (4).png,Anemic-FN-231,1,IMG_01448
Fingernails/Anemic-FN-231 (5).png,Anemic-FN-231,1,IMG_01449
Fingernails/Anemic-FN-231 (6).png,Anemic-FN-231,1,IMG_01450
Fingernails/Anemic-FN-231.png,Anemic-FN-231,1,IMG_01451
Fingernails/Anemic-FN-232 (2).png,Anemic-FN-232,1,IMG_01452
Fingernails/Anemic-FN-232 (3).png,Anemic-FN-232,1,IMG_01453
Fingernails/Anemic-FN-232 (4).png,Anemic-FN-232,1,IMG_01454
Fingernails/Anemic-FN-232 (5).png,Anemic-FN-232,1,IMG_01455
Fingernails/Anemic-FN-232 (6).png,Anemic-FN-232,1,IMG_01456
Fingernails/Anemic-FN-232.png,Anemic-FN-232,1,IMG_01457
Fingernails/Anemic-FN-234 (2).png,Anemic-FN-234,1,IMG_01464
Fingernails/Anemic-FN-234 (3).png,Anemic-FN-234,1,IMG_01465
Fingernails/Anemic-FN-234 (4).png,Anemic-FN-234,1,IMG_01466
Fingernails/Anemic-FN-234 (5).png,Anemic-FN-234,1,IMG_01467
Fingernails/Anemic-FN-234 (6).png,Anemic-FN-234,1,IMG_01468
Fingernails/Anemic-FN-234.png,Anemic-FN-234,1,IMG_01469
Fingernails/Anemic-FN-236 (2).png,Anemic-FN-236,1,IMG_01470
Fingernails/Anemic-FN-236 (3).png,Anemic-FN-236,1,IMG_01471
Fingernails/Anemic-FN-236 (4).png,Anemic-FN-236,1,IMG_01472
Fingernails/Anemic-FN-236 (5).png,Anemic-FN-236,1,IMG_01473
Fingernails/Anemic-FN-236 (6).png,Anemic-FN-236,1,IMG_01474
Fingernails/Anemic-FN-236.png,Anemic-FN-236,1,IMG_01475
Fingernails/Anemic-FN-237 (2).png,Anemic-FN-237,1,IMG_01476
Fingernails/Anemic-FN-237 (3).png,Anemic-FN-237,1,IMG_01477
Fingernails/Anemic-FN-237 (4).png,Anemic-FN-237,1,IMG_01478
Fingernails/Anemic-FN-237 (5).png,Anemic-FN-237,1,IMG_01479
Fingernails/Anemic-FN-237 (6).png,Anemic-FN-237,1,IMG_01480
Fingernails/Anemic-FN-237.png,Anemic-FN-237,1,IMG_01481
Fingernails/Anemic-FN-245 (2).png,Anemic-FN-245,1,IMG_01494
Fingernails/Anemic-FN-245 (3).png,Anemic-FN-245,1,IMG_01495
Fingernails/Anemic-FN-245 (4).png,Anemic-FN-245,1,IMG_01496
Fingernails/Anemic-FN-245 (5).png,Anemic-FN-245,1,IMG_01497
Fingernails/Anemic-FN-245 (6).png,Anemic-FN-245,1,IMG_01498
Fingernails/Anemic-FN-245.png,Anemic-FN-245,1,IMG_01499
Fingernails/Anemic-FN-248 (2).png,Anemic-FN-248,1,IMG_01500
Fingernails/Anemic-FN-248 (3).png,Anemic-FN-248,1,IMG_01501
Fingernails/Anemic-FN-248 (4).png,Anemic-FN-248,1,IMG_01502
Fingernails/Anemic-FN-248 (5).png,Anemic-FN-248,1,IMG_01503
Fingernails/Anemic-FN-248 (6).png,Anemic-FN-248,1,IMG_01504
Fingernails/Anemic-FN-248.png,Anemic-FN-248,1,IMG_01505
Fingernails/Anemic-FN-251 (2).png,Anemic-FN-251,1,IMG_01506
Fingernails/Anemic-FN-251 (3).png,Anemic-FN-251,1,IMG_01507
Fingernails/Anemic-FN-251 (4).png,Anemic-FN-251,1,IMG_01508
Fingernails/Anemic-FN-251 (5).png,Anemic-FN-251,1,IMG_01509
Fingernails/Anemic-FN-251 (6).png,Anemic-FN-251,1,IMG_01510
Fingernails/Anemic-FN-251.png,Anemic-FN-251,1,IMG_01511
Fingernails/Anemic-FN-252 (2).png,Anemic-FN-252,1,IMG_01512
Fingernails/Anemic-FN-252 (3).png,Anemic-FN-252,1,IMG_01513
Fingernails/Anemic-FN-252 (4).png,Anemic-FN-252,1,IMG_01514
Fingernails/Anemic-FN-252 (5).png,Anemic-FN-252,1,IMG_01515
Fingernails/Anemic-FN-252 (6).png,Anemic-FN-252,1,IMG_01516
Fingernails/Anemic-FN-252.png,Anemic-FN-252,1,IMG_01517
Fingernails/Anemic-FN-253 (2).png,Anemic-FN-253,1,IMG_01518
Fingernails/Anemic-FN-253 (3).png,Anemic-FN-253,1,IMG_01519
Fingernails/Anemic-FN-253 (4).png,Anemic-FN-253,1,IMG_01520
Fingernails/Anemic-FN-253 (5).png,Anemic-FN-253,1,IMG_01521
Fingernails/Anemic-FN-253 (6).png,Anemic-FN-253,1,IMG_01522
Fingernails/Anemic-FN-253.png,Anemic-FN-253,1,IMG_01523
Fingernails/Anemic-FN-254 (2).png,Anemic-FN-254,1,IMG_01524
Fingernails/Anemic-FN-254 (3).png,Anemic-FN-254,1,IMG_01525
Fingernails/Anemic-FN-254 (4).png,Anemic-FN-254,1,IMG_01526
Fingernails/Anemic-FN-254 (5).png,Anemic-FN-254,1,IMG_01527
Fingernails/Anemic-FN-254 (6).png,Anemic-FN-254,1,IMG_01528
Fingernails/Anemic-FN-254.png,Anemic-FN-254,1,IMG_01529
Fingernails/Anemic-FN-257 (2).png,Anemic-FN-257,1,IMG_01536
Fingernails/Anemic-FN-257 (3).png,Anemic-FN-257,1,IMG_01537
Fingernails/Anemic-FN-257 (4).png,Anemic-FN-257,1,IMG_01538
Fingernails/Anemic-FN-257 (5).png,Anemic-FN-257,1,IMG_01539
Fingernails/Anemic-FN-257 (6).png,Anemic-FN-257,1,IMG_01540
Fingernails/Anemic-FN-257.png,Anemic-FN-257,1,IMG_01541
Fingernails/Anemic-FN-258 (2).png,Anemic-FN-258,1,IMG_01542
Fingernails/Anemic-FN-258 (3).png,Anemic-FN-258,1,IMG_01543
Fingernails/Anemic-FN-258 (4).png,Anemic-FN-258,1,IMG_01544
Fingernails/Anemic-FN-258 (5).png,Anemic-FN-258,1,IMG_01545
Fingernails/Anemic-FN-258 (6).png,Anemic-FN-258,1,IMG_01546
Fingernails/Anemic-FN-258.png,Anemic-FN-258,1,IMG_01547
Fingernails/Anemic-FN-260 (2).png,Anemic-FN-260,1,IMG_01548
Fingernails/Anemic-FN-260 (3).png,Anemic-FN-260,1,IMG_01549
Fingernails/Anemic-FN-260 (4).png,Anemic-FN-260,1,IMG_01550
Fingernails/Anemic-FN-260 (5).png,Anemic-FN-260,1,IMG_01551
Fingernails/Anemic-FN-260 (6).png,Anemic-FN-260,1,IMG_01552
Fingernails/Anemic-FN-260.png,Anemic-FN-260,1,IMG_01553
Fingernails/Anemic-FN-265 (2).png,Anemic-FN-265,1,IMG_01572
Fingernails/Anemic-FN-265 (3).png,Anemic-FN-265,1,IMG_01573
Fingernails/Anemic-FN-265 (4).png,Anemic-FN-265,1,IMG_01574
Fingernails/Anemic-FN-265 (5).png,Anemic-FN-265,1,IMG_01575
Fingernails/Anemic-FN-265 (6).png,Anemic-FN-265,1,IMG_01576
Fingernails/Anemic-FN-265.png,Anemic-FN-265,1,IMG_01577
Fingernails/Anemic-FN-269 (2).png,Anemic-FN-269,1,IMG_01584
Fingernails/Anemic-FN-269 (3).png,Anemic-FN-269,1,IMG_01585
Fingernails/Anemic-FN-269 (4).png,Anemic-FN-269,1,IMG_01586
Fingernails/Anemic-FN-269 (5).png,Anemic-FN-269,1,IMG_01587
Fingernails/Anemic-FN-269 (6).png,Anemic-FN-269,1,IMG_01588
Fingernails/Anemic-FN-269.png,Anemic-FN-269,1,IMG_01589
Fingernails/Anemic-FN-270 (2).png,Anemic-FN-270,1,IMG_01590
Fingernails/Anemic-FN-270 (3).png,Anemic-FN-270,1,IMG_01591
Fingernails/Anemic-FN-270 (4).png,Anemic-FN-270,1,IMG_01592
Fingernails/Anemic-FN-270 (5).png,Anemic-FN-270,1,IMG_01593
Fingernails/Anemic-FN-270 (6).png,Anemic-FN-270,1,IMG_01594
Fingernails/Anemic-FN-270.png,Anemic-FN-270,1,IMG_01595
Fingernails/Anemic-FN-271 (2).png,Anemic-FN-271,1,IMG_01596
Fingernails/Anemic-FN-271 (3).png,Anemic-FN-271,1,IMG_01597
Fingernails/Anemic-FN-271 (4).png,Anemic-FN-271,1,IMG_01598
Fingernails/Anemic-FN-271 (5).png,Anemic-FN-271,1,IMG_01599
Fingernails/Anemic-FN-271 (6).png,Anemic-FN-271,1,IMG_01600
Fingernails/Anemic-FN-271.png,Anemic-FN-271,1,IMG_01601
Fingernails/Anemic-FN-272 (2).png,Anemic-FN-272,1,IMG_01602
Fingernails/Anemic-FN-272 (3).png,Anemic-FN-272,1,IMG_01603
Fingernails/Anemic-FN-272 (4).png,Anemic-FN-272,1,IMG_01604
Fingernails/Anemic-FN-272 (5).png,Anemic-FN-272,1,IMG_01605
Fingernails/Anemic-FN-272 (6).png,Anemic-FN-272,1,IMG_01606
Fingernails/Anemic-FN-272.png,Anemic-FN-272,1,IMG_01607
Fingernails/Anmeic-fn-0001 1.png,Anmeic-fn-0001 1,1,IMG_01608
Fingernails/Anmeic-fn-0011 (2).png,Anmeic-fn-0011,1,IMG_01609
Fingernails/Anmeic-fn-0011 2 (2).png,Anmeic-fn-0011 2,1,IMG_01610
Fingernails/Anmeic-fn-0011 2.png,Anmeic-fn-0011 2,1,IMG_01611
Fingernails/Anmeic-fn-0011.png,Anmeic-fn-0011,1,IMG_01612
Fingernails/Anmeic-fn-00131.png,Anmeic-fn-00131,1,IMG_01615
Fingernails/Anmeic-fn-00134.png,Anmeic-fn-00134,1,IMG_01616
Fingernails/Anmeic-fn-0021.png,Anmeic-fn-0021,1,IMG_01620
Fingernails/Anmeic-fn-00214.png,Anmeic-fn-00214,1,IMG_01621
Fingernails/Anmeic-fn-0023 2.png,Anmeic-fn-0023 2,1,IMG_01622
Fingernails/Anmeic-fn-004 1 1.png,Anmeic-fn-004 1 1,1,IMG_01623
Fingernails/Anmeic-fn-004 1 2.png,Anmeic-fn-004 1 2,1,IMG_01624
Fingernails/Anmeic-fn-004.png,Anmeic-fn-004,1,IMG_01626
Fingernails/Anmeic-fn-006 1.png,Anmeic-fn-006 1,1,IMG_01628
Fingernails/Anmeic-fn-006.png,Anmeic-fn-006,1,IMG_01629
Fingernails/Anmeic-fn-007.png,Anmeic-fn-007,1,IMG_01630
Fingernails/Anmeic-fn-008 1.png,Anmeic-fn-008 1,1,IMG_01631
Fingernails/Anmeic-fn-008.png,Anmeic-fn-008,1,IMG_01633
Fingernails/Non-anemic-Fin-001 (2).png,Non-anemic-Fin-001,1,IMG_01636
Fingernails/Non-anemic-Fin-001 (3).png,Non-anemic-Fin-001,1,IMG_01637
Fingernails/Non-anemic-Fin-001 (4).png,Non-anemic-Fin-001,1,IMG_01638
Fingernails/Non-anemic-Fin-001 (5).png,Non-anemic-Fin-001,1,IMG_01639
Fingernails/Non-anemic-Fin-001 (6).png,Non-anemic-Fin-001,1,IMG_01640
Fingernails/Non-anemic-Fin-001.png,Non-anemic-Fin-001,1,IMG_01641
Fingernails/Non-anemic-Fin-003 (2).png,Non-anemic-Fin-003,1,IMG_01642
Fingernails/Non-anemic-Fin-003 (3).png,Non-anemic-Fin-003,1,IMG_01643
Fingernails/Non-anemic-Fin-003 (4).png,Non-anemic-Fin-003,1,IMG_01644
Fingernails/Non-anemic-Fin-003 (5).png,Non-anemic-Fin-003,1,IMG_01645
Fingernails/Non-anemic-Fin-003 (6).png,Non-anemic-Fin-003,1,IMG_01646
Fingernails/Non-anemic-Fin-003.png,Non-anemic-Fin-003,1,IMG_01647
Fingernails/Non-anemic-Fin-006 (2).png,Non-anemic-Fin-006,1,IMG_01654
Fingernails/Non-anemic-Fin-006 (3).png,Non-anemic-Fin-006,1,IMG_01655
Fingernails/Non-anemic-Fin-006 (4).png,Non-anemic-Fin-006,1,IMG_01656
Fingernails/Non-anemic-Fin-006 (5).png,Non-anemic-Fin-006,1,IMG_01657
Fingernails/Non-anemic-Fin-006 (6).png,Non-anemic-Fin-006,1,IMG_01658
Fingernails/Non-anemic-Fin-006.png,Non-anemic-Fin-006,1,IMG_01659
Fingernails/Non-anemic-Fin-011 (2).png,Non-anemic-Fin-011,1,IMG_01666
Fingernails/Non-anemic-Fin-011 (3).png,Non-anemic-Fin-011,1,IMG_01667
Fingernails/Non-anemic-Fin-011 (4).png,Non-anemic-Fin-011,1,IMG_01668
Fingernails/Non-anemic-Fin-011 (5).png,Non-anemic-Fin-011,1,IMG_01669
Fingernails/Non-anemic-Fin-011 (6).png,Non-anemic-Fin-011,1,IMG_01670
Fingernails/Non-anemic-Fin-011.png,Non-anemic-Fin-011,1,IMG_01671
Fingernails/Non-anemic-Fin-012 (2).png,Non-anemic-Fin-012,1,IMG_01672
Fingernails/Non-anemic-Fin-012 (3).png,Non-anemic-Fin-012,1,IMG_01673
Fingernails/Non-anemic-Fin-012 (4).png,Non-anemic-Fin-012,1,IMG_01674
Fingernails/Non-anemic-Fin-012 (5).png,Non-anemic-Fin-012,1,IMG_01675
Fingernails/Non-anemic-Fin-012 (6).png,Non-anemic-Fin-012,1,IMG_01676
Fingernails/Non-anemic-Fin-012.png,Non-anemic-Fin-012,1,IMG_01677
Fingernails/Non-anemic-Fin-014 (2).png,Non-anemic-Fin-014,1,IMG_01678
Fingernails/Non-anemic-Fin-014 (3).png,Non-anemic-Fin-014,1,IMG_01679
Fingernails/Non-anemic-Fin-014 (4).png,Non-anemic-Fin-014,1,IMG_01680
Fingernails/Non-anemic-Fin-014 (5).png,Non-anemic-Fin-014,1,IMG_01681
Fingernails/Non-anemic-Fin-014 (6).png,Non-anemic-Fin-014,1,IMG_01682
Fingernails/Non-anemic-Fin-014.png,Non-anemic-Fin-014,1,IMG_01683
Fingernails/Non-anemic-Fin-015 (2).png,Non-anemic-Fin-015,1,IMG_01684
Fingernails/Non-anemic-Fin-015 (3).png,Non-anemic-Fin-015,1,IMG_01685
Fingernails/Non-anemic-Fin-015 (4).png,Non-anemic-Fin-015,1,IMG_01686
Fingernails/Non-anemic-Fin-015 (5).png,Non-anemic-Fin-015,1,IMG_01687
Fingernails/Non-anemic-Fin-015 (6).png,Non-anemic-Fin-015,1,IMG_01688
Fingernails/Non-anemic-Fin-015.png,Non-anemic-Fin-015,1,IMG_01689
Fingernails/Non-anemic-Fin-018 (2).png,Non-anemic-Fin-018,1,IMG_01702
Fingernails/Non-anemic-Fin-018 (3).png,Non-anemic-Fin-018,1,IMG_01703
Fingernails/Non-anemic-Fin-018 (4).png,Non-anemic-Fin-018,1,IMG_01704
Fingernails/Non-anemic-Fin-018 (5).png,Non-anemic-Fin-018,1,IMG_01705
Fingernails/Non-anemic-Fin-018 (6).png,Non-anemic-Fin-018,1,IMG_01706
Fingernails/Non-anemic-Fin-018.png,Non-anemic-Fin-018,1,IMG_01707
Fingernails/Non-Anrmic-FN-001 (2).png,Non-Anrmic-FN-001,0,IMG_01714
Fingernails/Non-Anrmic-FN-001 (3).png,Non-Anrmic-FN-001,0,IMG_01715
Fingernails/Non-Anrmic-FN-001 (4).png,Non-Anrmic-FN-001,0,IMG_01716
Fingernails/Non-Anrmic-FN-001 (5).png,Non-Anrmic-FN-001,0,IMG_01717
Fingernails/Non-Anrmic-FN-001 (6).png,Non-Anrmic-FN-001,0,IMG_01718
Fingernails/Non-Anrmic-FN-001.png,Non-Anrmic-FN-001,0,IMG_01719
Fingernails/Non-Anrmic-FN-004 (2).png,Non-Anrmic-FN-004,0,IMG_01726
Fingernails/Non-Anrmic-FN-004 (3).png,Non-Anrmic-FN-004,0,IMG_01727
Fingernails/Non-Anrmic-FN-004 (4).png,Non-Anrmic-FN-004,0,IMG_01728
Fingernails/Non-Anrmic-FN-004 (5).png,Non-Anrmic-FN-004,0,IMG_01729
Fingernails/Non-Anrmic-FN-004 (6).png,Non-Anrmic-FN-004,0,IMG_01730
Fingernails/Non-Anrmic-FN-004.png,Non-Anrmic-FN-004,0,IMG_01731
Fingernails/Non-Anrmic-FN-005 (2).png,Non-Anrmic-FN-005,0,IMG_01732
Fingernails/Non-Anrmic-FN-005 (3).png,Non-Anrmic-FN-005,0,IMG_01733
Fingernails/Non-Anrmic-FN-005 (4).png,Non-Anrmic-FN-005,0,IMG_01734
Fingernails/Non-Anrmic-FN-005 (5).png,Non-Anrmic-FN-005,0,IMG_01735
Fingernails/Non-Anrmic-FN-005 (6).png,Non-Anrmic-FN-005,0,IMG_01736
Fingernails/Non-Anrmic-FN-005.png,Non-Anrmic-FN-005,0,IMG_01737
Fingernails/Non-Anrmic-FN-011 (2).png,Non-Anrmic-FN-011,0,IMG_01744
Fingernails/Non-Anrmic-FN-011 (3).png,Non-Anrmic-FN-011,0,IMG_01745
Fingernails/Non-Anrmic-FN-011 (4).png,Non-Anrmic-FN-011,0,IMG_01746
Fingernails/Non-Anrmic-FN-011 (5).png,Non-Anrmic-FN-011,0,IMG_01747
Fingernails/Non-Anrmic-FN-011 (6).png,Non-Anrmic-FN-011,0,IMG_01748
Fingernails/Non-Anrmic-FN-011.png,Non-Anrmic-FN-011,0,IMG_01749
Fingernails/Non-Anrmic-FN-012 (2).png,Non-Anrmic-FN-012,0,IMG_01750
Fingernails/Non-Anrmic-FN-012 (3).png,Non-Anrmic-FN-012,0,IMG_01751
Fingernails/Non-Anrmic-FN-012 (4).png,Non-Anrmic-FN-012,0,IMG_01752
Fingernails/Non-Anrmic-FN-012 (5).png,Non-Anrmic-FN-012,0,IMG_01753
Fingernails/Non-Anrmic-FN-012 (6).png,Non-Anrmic-FN-012,0,IMG_01754
Fingernails/Non-Anrmic-FN-012.png,Non-Anrmic-FN-012,0,IMG_01755
Fingernails/Non-Anrmic-FN-013 (2).png,Non-Anrmic-FN-013,0,IMG_01756
Fingernails/Non-Anrmic-FN-013 (3).png,Non-Anrmic-FN-013,0,IMG_01757
Fingernails/Non-Anrmic-FN-013 (4).png,Non-Anrmic-FN-013,0,IMG_01758
Fingernails/Non-Anrmic-FN-013 (5).png,Non-Anrmic-FN-013,0,IMG_01759
Fingernails/Non-Anrmic-FN-013 (6).png,Non-Anrmic-FN-013,0,IMG_01760
Fingernails/Non-Anrmic-FN-013.png,Non-Anrmic-FN-013,0,IMG_01761
Fingernails/Non-Anrmic-FN-018 (2).png,Non-Anrmic-FN-018,0,IMG_01768
Fingernails/Non-Anrmic-FN-018 (3).png,Non-Anrmic-FN-018,0,IMG_01769
Fingernails/Non-Anrmic-FN-018 (4).png,Non-Anrmic-FN-018,0,IMG_01770
Fingernails/Non-Anrmic-FN-018 (5).png,Non-Anrmic-FN-018,0,IMG_01771
Fingernails/Non-Anrmic-FN-018 (6).png,Non-Anrmic-FN-018,0,IMG_01772
Fingernails/Non-Anrmic-FN-018.png,Non-Anrmic-FN-018,0,IMG_01773
Fingernails/Non-Anrmic-FN-019 (2).png,Non-Anrmic-FN-019,0,IMG_01774
Fingernails/Non-Anrmic-FN-019 (3).png,Non-Anrmic-FN-019,0,IMG_01775
Fingernails/Non-Anrmic-FN-019 (4).png,Non-Anrmic-FN-019,0,IMG_01776
Fingernails/Non-Anrmic-FN-019 (5).png,Non-Anrmic-FN-019,0,IMG_01777
Fingernails/Non-Anrmic-FN-019 (6).png,Non-Anrmic-FN-019,0,IMG_01778
Fingernails/Non-Anrmic-FN-019.png,Non-Anrmic-FN-019,0,IMG_01779
Fingernails/Non-Anrmic-FN-022 (2).png,Non-Anrmic-FN-022,0,IMG_01786
Fingernails/Non-Anrmic-FN-022 (3).png,Non-Anrmic-FN-022,0,IMG_01787
Fingernails/Non-Anrmic-FN-022 (4).png,Non-Anrmic-FN-022,0,IMG_01788
Fingernails/Non-Anrmic-FN-022 (5).png,Non-Anrmic-FN-022,0,IMG_01789
Fingernails/Non-Anrmic-FN-022 (6).png,Non-Anrmic-FN-022,0,IMG_01790
Fingernails/Non-Anrmic-FN-022.png,Non-Anrmic-FN-022,0,IMG_01791
Fingernails/Non-Anrmic-FN-025 (2).png,Non-Anrmic-FN-025,0,IMG_01792
Fingernails/Non-Anrmic-FN-025 (3).png,Non-Anrmic-FN-025,0,IMG_01793
Fingernails/Non-Anrmic-FN-025 (4).png,Non-Anrmic-FN-025,0,IMG_01794
Fingernails/Non-Anrmic-FN-025 (5).png,Non-Anrmic-FN-025,0,IMG_01795
Fingernails/Non-Anrmic-FN-025 (6).png,Non-Anrmic-FN-025,0,IMG_01796
Fingernails/Non-Anrmic-FN-025.png,Non-Anrmic-FN-025,0,IMG_01797
Fingernails/Non-Anrmic-FN-026 (2).png,Non-Anrmic-FN-026,0,IMG_01798
Fingernails/Non-Anrmic-FN-026 (3).png,Non-Anrmic-FN-026,0,IMG_01799
Fingernails/Non-Anrmic-FN-026 (4).png,Non-Anrmic-FN-026,0,IMG_01800
Fingernails/Non-Anrmic-FN-026 (5).png,Non-Anrmic-FN-026,0,IMG_01801
Fingernails/Non-Anrmic-FN-026 (6).png,Non-Anrmic-FN-026,0,IMG_01802
Fingernails/Non-Anrmic-FN-026.png,Non-Anrmic-FN-026,0,IMG_01803
Fingernails/Non-Anrmic-FN-027 (2).png,Non-Anrmic-FN-027,0,IMG_01804
Fingernails/Non-Anrmic-FN-027 (3).png,Non-Anrmic-FN-027,0,IMG_01805
Fingernails/Non-Anrmic-FN-027 (4).png,Non-Anrmic-FN-027,0,IMG_01806
Fingernails/Non-Anrmic-FN-027 (5).png,Non-Anrmic-FN-027,0,IMG_01807
Fingernails/Non-Anrmic-FN-027 (6).png,Non-Anrmic-FN-027,0,IMG_01808
Fingernails/Non-Anrmic-FN-027.png,Non-Anrmic-FN-027,0,IMG_01809
Fingernails/Non-Anrmic-FN-028 (2).png,Non-Anrmic-FN-028,0,IMG_01810
Fingernails/Non-Anrmic-FN-028 (3).png,Non-Anrmic-FN-028,0,IMG_01811
Fingernails/Non-Anrmic-FN-028 (4).png,Non-Anrmic-FN-028,0,IMG_01812
Fingernails/Non-Anrmic-FN-028 (5).png,Non-Anrmic-FN-028,0,IMG_01813
Fingernails/Non-Anrmic-FN-028 (6).png,Non-Anrmic-FN-028,0,IMG_01814
Fingernails/Non-Anrmic-FN-028.png,Non-Anrmic-FN-028,0,IMG_01815
Fingernails/Non-Anrmic-FN-029 (2).png,Non-Anrmic-FN-029,0,IMG_01816
Fingernails/Non-Anrmic-FN-029 (3).png,Non-Anrmic-FN-029,0,IMG_01817
Fingernails/Non-Anrmic-FN-029 (4).png,Non-Anrmic-FN-029,0,IMG_01818
Fingernails/Non-Anrmic-FN-029 (5).png,Non-Anrmic-FN-029,0,IMG_01819
Fingernails/Non-Anrmic-FN-029 (6).png,Non-Anrmic-FN-029,0,IMG_01820
Fingernails/Non-Anrmic-FN-029.png,Non-Anrmic-FN-029,0,IMG_01821
Fingernails/Non-Anrmic-FN-031 (2).png,Non-Anrmic-FN-031,0,IMG_01822
Fingernails/Non-Anrmic-FN-031 (3).png,Non-Anrmic-FN-031,0,IMG_01823
Fingernails/Non-Anrmic-FN-031 (4).png,Non-Anrmic-FN-031,0,IMG_01824
Fingernails/Non-Anrmic-FN-031 (5).png,Non-Anrmic-FN-031,0,IMG_01825
Fingernails/Non-Anrmic-FN-031 (6).png,Non-Anrmic-FN-031,0,IMG_01826
Fingernails/Non-Anrmic-FN-031.png,Non-Anrmic-FN-031,0,IMG_01827
Fingernails/Non-Anrmic-FN-033 (2).png,Non-Anrmic-FN-033,0,IMG_01828
Fingernails/Non-Anrmic-FN-033 (3).png,Non-Anrmic-FN-033,0,IMG_01829
Fingernails/Non-Anrmic-FN-033 (4).png,Non-Anrmic-FN-033,0,IMG_01830
Fingernails/Non-Anrmic-FN-033 (5).png,Non-Anrmic-FN-033,0,IMG_01831
Fingernails/Non-Anrmic-FN-033 (6).png,Non-Anrmic-FN-033,0,IMG_01832
Fingernails/Non-Anrmic-FN-033.png,Non-Anrmic-FN-033,0,IMG_01833
Fingernails/Non-Anrmic-FN-036 (2).png,Non-Anrmic-FN-036,0,IMG_01834
Fingernails/Non-Anrmic-FN-036 (3).png,Non-Anrmic-FN-036,0,IMG_01835
Fingernails/Non-Anrmic-FN-036 (4).png,Non-Anrmic-FN-036,0,IMG_01836
Fingernails/Non-Anrmic-FN-036 (5).png,Non-Anrmic-FN-036,0,IMG_01837
Fingernails/Non-Anrmic-FN-036 (6).png,Non-Anrmic-FN-036,0,IMG_01838
Fingernails/Non-Anrmic-FN-036.png,Non-Anrmic-FN-036,0,IMG_01839
Fingernails/Non-Anrmic-FN-038 (2).png,Non-Anrmic-FN-038,0,IMG_01846
Fingernails/Non-Anrmic-FN-038 (3).png,Non-Anrmic-FN-038,0,IMG_01847
Fingernails/Non-Anrmic-FN-038 (4).png,Non-Anrmic-FN-038,0,IMG_01848
Fingernails/Non-Anrmic-FN-038 (5).png,Non-Anrmic-FN-038,0,IMG_01849
Fingernails/Non-Anrmic-FN-038 (6).png,Non-Anrmic-FN-038,0,IMG_01850
Fingernails/Non-Anrmic-FN-038.png,Non-Anrmic-FN-038,0,IMG_01851
Fingernails/Non-Anrmic-FN-039 (2).png,Non-Anrmic-FN-039,0,IMG_01852
Fingernails/Non-Anrmic-FN-039 (3).png,Non-Anrmic-FN-039,0,IMG_01853
Fingernails/Non-Anrmic-FN-039 (4).png,Non-Anrmic-FN-039,0,IMG_01854
Fingernails/Non-Anrmic-FN-039 (5).png,Non-Anrmic-FN-039,0,IMG_01855
Fingernails/Non-Anrmic-FN-039 (6).png,Non-Anrmic-FN-039,0,IMG_01856
Fingernails/Non-Anrmic-FN-039.png,Non-Anrmic-FN-039,0,IMG_01857
Fingernails/Non-Anrmic-FN-042 (2).png,Non-Anrmic-FN-042,0,IMG_01864
Fingernails/Non-Anrmic-FN-042 (3).png,Non-Anrmic-FN-042,0,IMG_01865
Fingernails/Non-Anrmic-FN-042 (4).png,Non-Anrmic-FN-042,0,IMG_01866
Fingernails/Non-Anrmic-FN-042 (5).png,Non-Anrmic-FN-042,0,IMG_01867
Fingernails/Non-Anrmic-FN-042 (6).png,Non-Anrmic-FN-042,0,IMG_01868
Fingernails/Non-Anrmic-FN-042.png,Non-Anrmic-FN-042,0,IMG_01869
Fingernails/Non-Anrmic-FN-045 (2).png,Non-Anrmic-FN-045,0,IMG_01870
Fingernails/Non-Anrmic-FN-045 (3).png,Non-Anrmic-FN-045,0,IMG_01871
Fingernails/Non-Anrmic-FN-045 (4).png,Non-Anrmic-FN-045,0,IMG_01872
Fingernails/Non-Anrmic-FN-045 (5).png,Non-Anrmic-FN-045,0,IMG_01873
Fingernails/Non-Anrmic-FN-045 (6).png,Non-Anrmic-FN-045,0,IMG_01874
Fingernails/Non-Anrmic-FN-045.png,Non-Anrmic-FN-045,0,IMG_01875
Fingernails/Non-Anrmic-FN-047 (2).png,Non-Anrmic-FN-047,0,IMG_01876
Fingernails/Non-Anrmic-FN-047 (3).png,Non-Anrmic-FN-047,0,IMG_01877
Fingernails/Non-Anrmic-FN-047 (4).png,Non-Anrmic-FN-047,0,IMG_01878
Fingernails/Non-Anrmic-FN-047 (5).png,Non-Anrmic-FN-047,0,IMG_01879
Fingernails/Non-Anrmic-FN-047 (6).png,Non-Anrmic-FN-047,0,IMG_01880
Fingernails/Non-Anrmic-FN-047.png,Non-Anrmic-FN-047,0,IMG_01881
Fingernails/Non-Anrmic-FN-049 (2).png,Non-Anrmic-FN-049,0,IMG_01882
Fingernails/Non-Anrmic-FN-049 (3).png,Non-Anrmic-FN-049,0,IMG_01883
Fingernails/Non-Anrmic-FN-049 (4).png,Non-Anrmic-FN-049,0,IMG_01884
Fingernails/Non-Anrmic-FN-049 (5).png,Non-Anrmic-FN-049,0,IMG_01885
Fingernails/Non-Anrmic-FN-049 (6).png,Non-Anrmic-FN-049,0,IMG_01886
Fingernails/Non-Anrmic-FN-049.png,Non-Anrmic-FN-049,0,IMG_01887
Fingernails/Non-Anrmic-FN-054 (2).png,Non-Anrmic-FN-054,0,IMG_01900
Fingernails/Non-Anrmic-FN-054 (3).png,Non-Anrmic-FN-054,0,IMG_01901
Fingernails/Non-Anrmic-FN-054 (4).png,Non-Anrmic-FN-054,0,IMG_01902
Fingernails/Non-Anrmic-FN-054 (5).png,Non-Anrmic-FN-054,0,IMG_01903
Fingernails/Non-Anrmic-FN-054 (6).png,Non-Anrmic-FN-054,0,IMG_01904
Fingernails/Non-Anrmic-FN-054.png,Non-Anrmic-FN-054,0,IMG_01905
Fingernails/Non-Anrmic-FN-056 (2).png,Non-Anrmic-FN-056,0,IMG_01906
Fingernails/Non-Anrmic-FN-056 (3).png,Non-Anrmic-FN-056,0,IMG_01907
Fingernails/Non-Anrmic-FN-056 (4).png,Non-Anrmic-FN-056,0,IMG_01908
Fingernails/Non-Anrmic-FN-056 (5).png,Non-Anrmic-FN-056,0,IMG_01909
Fingernails/Non-Anrmic-FN-056 (6).png,Non-Anrmic-FN-056,0,IMG_01910
Fingernails/Non-Anrmic-FN-056.png,Non-Anrmic-FN-056,0,IMG_01911
Fingernails/Non-Anrmic-FN-058 (2).png,Non-Anrmic-FN-058,0,IMG_01918
Fingernails/Non-Anrmic-FN-058 (3).png,Non-Anrmic-FN-058,0,IMG_01919
Fingernails/Non-Anrmic-FN-058 (4).png,Non-Anrmic-FN-058,0,IMG_01920
Fingernails/Non-Anrmic-FN-058 (5).png,Non-Anrmic-FN-058,0,IMG_01921
Fingernails/Non-Anrmic-FN-058 (6).png,Non-Anrmic-FN-058,0,IMG_01922
Fingernails/Non-Anrmic-FN-058.png,Non-Anrmic-FN-058,0,IMG_01923
Fingernails/Non-Anrmic-FN-059 (2).png,Non-Anrmic-FN-059,0,IMG_01924
Fingernails/Non-Anrmic-FN-059 (3).png,Non-Anrmic-FN-059,0,IMG_01925
Fingernails/Non-Anrmic-FN-059 (4).png,Non-Anrmic-FN-059,0,IMG_01926
Fingernails/Non-Anrmic-FN-059 (5).png,Non-Anrmic-FN-059,0,IMG_01927
Fingernails/Non-Anrmic-FN-059 (6).png,Non-Anrmic-FN-059,0,IMG_01928
Fingernails/Non-Anrmic-FN-059.png,Non-Anrmic-FN-059,0,IMG_01929
Fingernails/Non-Anrmic-FN-063 (2).png,Non-Anrmic-FN-063,0,IMG_01948
Fingernails/Non-Anrmic-FN-063 (3).png,Non-Anrmic-FN-063,0,IMG_01949
Fingernails/Non-Anrmic-FN-063 (4).png,Non-Anrmic-FN-063,0,IMG_01950
Fingernails/Non-Anrmic-FN-063 (5).png,Non-Anrmic-FN-063,0,IMG_01951
Fingernails/Non-Anrmic-FN-063 (6).png,Non-Anrmic-FN-063,0,IMG_01952
Fingernails/Non-Anrmic-FN-063.png,Non-Anrmic-FN-063,0,IMG_01953
Fingernails/Non-Anrmic-FN-065 (2).png,Non-Anrmic-FN-065,0,IMG_01954
Fingernails/Non-Anrmic-FN-065 (3).png,Non-Anrmic-FN-065,0,IMG_01955
Fingernails/Non-Anrmic-FN-065 (4).png,Non-Anrmic-FN-065,0,IMG_01956
Fingernails/Non-Anrmic-FN-065 (5).png,Non-Anrmic-FN-065,0,IMG_01957
Fingernails/Non-Anrmic-FN-065 (6).png,Non-Anrmic-FN-065,0,IMG_01958
Fingernails/Non-Anrmic-FN-065.png,Non-Anrmic-FN-065,0,IMG_01959
Fingernails/Non-Anrmic-FN-067 (2).png,Non-Anrmic-FN-067,0,IMG_01966
Fingernails/Non-Anrmic-FN-067 (3).png,Non-Anrmic-FN-067,0,IMG_01967
Fingernails/Non-Anrmic-FN-067 (4).png,Non-Anrmic-FN-067,0,IMG_01968
Fingernails/Non-Anrmic-FN-067 (5).png,Non-Anrmic-FN-067,0,IMG_01969
Fingernails/Non-Anrmic-FN-067 (6).png,Non-Anrmic-FN-067,0,IMG_01970
Fingernails/Non-Anrmic-FN-067.png,Non-Anrmic-FN-067,0,IMG_01971
Fingernails/Non-Anrmic-FN-069 (2).png,Non-Anrmic-FN-069,0,IMG_01972
Fingernails/Non-Anrmic-FN-069 (3).png,Non-Anrmic-FN-069,0,IMG_01973
Fingernails/Non-Anrmic-FN-069 (4).png,Non-Anrmic-FN-069,0,IMG_01974
Fingernails/Non-Anrmic-FN-069 (5).png,Non-Anrmic-FN-069,0,IMG_01975
Fingernails/Non-Anrmic-FN-069 (6).png,Non-Anrmic-FN-069,0,IMG_01976
Fingernails/Non-Anrmic-FN-069.png,Non-Anrmic-FN-069,0,IMG_01977
Fingernails/Non-Anrmic-FN-072 (2).png,Non-Anrmic-FN-072,0,IMG_01978
Fingernails/Non-Anrmic-FN-072 (3).png,Non-Anrmic-FN-072,0,IMG_01979
Fingernails/Non-Anrmic-FN-072 (4).png,Non-Anrmic-FN-072,0,IMG_01980
Fingernails/Non-Anrmic-FN-072 (5).png,Non-Anrmic-FN-072,0,IMG_01981
Fingernails/Non-Anrmic-FN-072 (6).png,Non-Anrmic-FN-072,0,IMG_01982
Fingernails/Non-Anrmic-FN-072.png,Non-Anrmic-FN-072,0,IMG_01983
Fingernails/Non-Anrmic-FN-073 (2).png,Non-Anrmic-FN-073,0,IMG_01984
Fingernails/Non-Anrmic-FN-073 (3).png,Non-Anrmic-FN-073,0,IMG_01985
Fingernails/Non-Anrmic-FN-073 (4).png,Non-Anrmic-FN-073,0,IMG_01986
Fingernails/Non-Anrmic-FN-073 (5).png,Non-Anrmic-FN-073,0,IMG_01987
Fingernails/Non-Anrmic-FN-073 (6).png,Non-Anrmic-FN-073,0,IMG_01988
Fingernails/Non-Anrmic-FN-073.png,Non-Anrmic-FN-073,0,IMG_01989
Fingernails/Non-Anrmic-FN-078 (2).png,Non-Anrmic-FN-078,0,IMG_02008
Fingernails/Non-Anrmic-FN-078 (3).png,Non-Anrmic-FN-078,0,IMG_02009
Fingernails/Non-Anrmic-FN-078 (4).png,Non-Anrmic-FN-078,0,IMG_02010
Fingernails/Non-Anrmic-FN-078 (5).png,Non-Anrmic-FN-078,0,IMG_02011
Fingernails/Non-Anrmic-FN-078 (6).png,Non-Anrmic-FN-078,0,IMG_02012
Fingernails/Non-Anrmic-FN-078.png,Non-Anrmic-FN-078,0,IMG_02013
Fingernails/Non-Anrmic-FN-079 (2).png,Non-Anrmic-FN-079,0,IMG_02014
Fingernails/Non-Anrmic-FN-079 (3).png,Non-Anrmic-FN-079,0,IMG_02015
Fingernails/Non-Anrmic-FN-079 (4).png,Non-Anrmic-FN-079,0,IMG_02016
Fingernails/Non-Anrmic-FN-079 (5).png,Non-Anrmic-FN-079,0,IMG_02017
Fingernails/Non-Anrmic-FN-079 (6).png,Non-Anrmic-FN-079,0,IMG_02018
Fingernails/Non-Anrmic-FN-079.png,Non-Anrmic-FN-079,0,IMG_02019
Fingernails/Non-Anrmic-FN-080 (2).png,Non-Anrmic-FN-080,0,IMG_02020
Fingernails/Non-Anrmic-FN-080 (3).png,Non-Anrmic-FN-080,0,IMG_02021
Fingernails/Non-Anrmic-FN-080 (4).png,Non-Anrmic-FN-080,0,IMG_02022
Fingernails/Non-Anrmic-FN-080 (5).png,Non-Anrmic-FN-080,0,IMG_02023
Fingernails/Non-Anrmic-FN-080 (6).png,Non-Anrmic-FN-080,0,IMG_02024
Fingernails/Non-Anrmic-FN-080.png,Non-Anrmic-FN-080,0,IMG_02025
Fingernails/Non-Anrmic-FN-082 (2).png,Non-Anrmic-FN-082,0,IMG_02026
Fingernails/Non-Anrmic-FN-082 (3).png,Non-Anrmic-FN-082,0,IMG_02027
Fingernails/Non-Anrmic-FN-082 (4).png,Non-Anrmic-FN-082,0,IMG_02028
Fingernails/Non-Anrmic-FN-082 (5).png,Non-Anrmic-FN-082,0,IMG_02029
Fingernails/Non-Anrmic-FN-082 (6).png,Non-Anrmic-FN-082,0,IMG_02030
Fingernails/Non-Anrmic-FN-082.png,Non-Anrmic-FN-082,0,IMG_02031
Fingernails/Non-Anrmic-FN-085 (2).png,Non-Anrmic-FN-085,0,IMG_02038
Fingernails/Non-Anrmic-FN-085 (3).png,Non-Anrmic-FN-085,0,IMG_02039
Fingernails/Non-Anrmic-FN-085 (4).png,Non-Anrmic-FN-085,0,IMG_02040
Fingernails/Non-Anrmic-FN-085 (5).png,Non-Anrmic-FN-085,0,IMG_02041
Fingernails/Non-Anrmic-FN-085 (6).png,Non-Anrmic-FN-085,0,IMG_02042
Fingernails/Non-Anrmic-FN-085.png,Non-Anrmic-FN-085,0,IMG_02043
Fingernails/Non-Anrmic-FN-089 (2).png,Non-Anrmic-FN-089,0,IMG_02050
Fingernails/Non-Anrmic-FN-089 (3).png,Non-Anrmic-FN-089,0,IMG_02051
Fingernails/Non-Anrmic-FN-089 (4).png,Non-Anrmic-FN-089,0,IMG_02052
Fingernails/Non-Anrmic-FN-089 (5).png,Non-Anrmic-FN-089,0,IMG_02053
Fingernails/Non-Anrmic-FN-089 (6).png,Non-Anrmic-FN-089,0,IMG_02054
Fingernails/Non-Anrmic-FN-089.png,Non-Anrmic-FN-089,0,IMG_02055
Fingernails/Non-Anrmic-FN-093 (2).png,Non-Anrmic-FN-093,0,IMG_02062
Fingernails/Non-Anrmic-FN-093 (3).png,Non-Anrmic-FN-093,0,IMG_02063
Fingernails/Non-Anrmic-FN-093 (4).png,Non-Anrmic-FN-093,0,IMG_02064
Fingernails/Non-Anrmic-FN-093 (5).png,Non-Anrmic-FN-093,0,IMG_02065
Fingernails/Non-Anrmic-FN-093 (6).png,Non-Anrmic-FN-093,0,IMG_02066
Fingernails/Non-Anrmic-FN-093.png,Non-Anrmic-FN-093,0,IMG_02067
Fingernails/Non-Anrmic-FN-096 (2).png,Non-Anrmic-FN-096,0,IMG_02080
Fingernails/Non-Anrmic-FN-096 (3).png,Non-Anrmic-FN-096,0,IMG_02081
Fingernails/Non-Anrmic-FN-096 (4).png,Non-Anrmic-FN-096,0,IMG_02082
Fingernails/Non-Anrmic-FN-096 (5).png,Non-Anrmic-FN-096,0,IMG_02083
Fingernails/Non-Anrmic-FN-096 (6).png,Non-Anrmic-FN-096,0,IMG_02084
Fingernails/Non-Anrmic-FN-096.png,Non-Anrmic-FN-096,0,IMG_02085
Fingernails/Non-Anrmic-FN-097 (2).png,Non-Anrmic-FN-097,0,IMG_02086
Fingernails/Non-Anrmic-FN-097 (3).png,Non-Anrmic-FN-097,0,IMG_02087
Fingernails/Non-Anrmic-FN-097 (4).png,Non-Anrmic-FN-097,0,IMG_02088
Fingernails/Non-Anrmic-FN-097 (5).png,Non-Anrmic-FN-097,0,IMG_02089
Fingernails/Non-Anrmic-FN-097 (6).png,Non-Anrmic-FN-097,0,IMG_02090
Fingernails/Non-Anrmic-FN-097.png,Non-Anrmic-FN-097,0,IMG_02091
Fingernails/Non-Anrmic-FN-098 (2).png,Non-Anrmic-FN-098,0,IMG_02092
Fingernails/Non-Anrmic-FN-098 (3).png,Non-Anrmic-FN-098,0,IMG_02093
Fingernails/Non-Anrmic-FN-098 (4).png,Non-Anrmic-FN-098,0,IMG_02094
Fingernails/Non-Anrmic-FN-098 (5).png,Non-Anrmic-FN-098,0,IMG_02095
Fingernails/Non-Anrmic-FN-098 (6).png,Non-Anrmic-FN-098,0,IMG_02096
Fingernails/Non-Anrmic-FN-098.png,Non-Anrmic-FN-098,0,IMG_02097
Fingernails/Non-Anrmic-FN-099 (2).png,Non-Anrmic-FN-099,0,IMG_02098
Fingernails/Non-Anrmic-FN-099 (3).png,Non-Anrmic-FN-099,0,IMG_02099
Fingernails/Non-Anrmic-FN-099 (4).png,Non-Anrmic-FN-099,0,IMG_02100
Fingernails/Non-Anrmic-FN-099 (5).png,Non-Anrmic-FN-099,0,IMG_02101
Fingernails/Non-Anrmic-FN-099 (6).png,Non-Anrmic-FN-099,0,IMG_02102
Fingernails/Non-Anrmic-FN-099.png,Non-Anrmic-FN-099,0,IMG_02103
Fingernails/Non-Anrmic-FN-100 (2).png,Non-Anrmic-FN-100,0,IMG_02104
Fingernails/Non-Anrmic-FN-100 (3).png,Non-Anrmic-FN-100,0,IMG_02105
Fingernails/Non-Anrmic-FN-100 (4).png,Non-Anrmic-FN-100,0,IMG_02106
Fingernails/Non-Anrmic-FN-100 (5).png,Non-Anrmic-FN-100,0,IMG_02107
Fingernails/Non-Anrmic-FN-100 (6).png,Non-Anrmic-FN-100,0,IMG_02108
Fingernails/Non-Anrmic-FN-100.png,Non-Anrmic-FN-100,0,IMG_02109
Fingernails/Non-Anrmic-FN-101 (2).png,Non-Anrmic-FN-101,0,IMG_02110
Fingernails/Non-Anrmic-FN-101 (3).png,Non-Anrmic-FN-101,0,IMG_02111
Fingernails/Non-Anrmic-FN-101 (4).png,Non-Anrmic-FN-101,0,IMG_02112
Fingernails/Non-Anrmic-FN-101 (5).png,Non-Anrmic-FN-101,0,IMG_02113
Fingernails/Non-Anrmic-FN-101 (6).png,Non-Anrmic-FN-101,0,IMG_02114
Fingernails/Non-Anrmic-FN-101.png,Non-Anrmic-FN-101,0,IMG_02115
Fingernails/Non-Anrmic-FN-104 (2).png,Non-Anrmic-FN-104,0,IMG_02122
Fingernails/Non-Anrmic-FN-104 (3).png,Non-Anrmic-FN-104,0,IMG_02123
Fingernails/Non-Anrmic-FN-104 (4).png,Non-Anrmic-FN-104,0,IMG_02124
Fingernails/Non-Anrmic-FN-104 (5).png,Non-Anrmic-FN-104,0,IMG_02125
Fingernails/Non-Anrmic-FN-104 (6).png,Non-Anrmic-FN-104,0,IMG_02126
Fingernails/Non-Anrmic-FN-104.png,Non-Anrmic-FN-104,0,IMG_02127
Fingernails/Non-Anrmic-FN-107 (2).png,Non-Anrmic-FN-107,0,IMG_02134
Fingernails/Non-Anrmic-FN-107 (3).png,Non-Anrmic-FN-107,0,IMG_02135
Fingernails/Non-Anrmic-FN-107 (4).png,Non-Anrmic-FN-107,0,IMG_02136
Fingernails/Non-Anrmic-FN-107 (5).png,Non-Anrmic-FN-107,0,IMG_02137
Fingernails/Non-Anrmic-FN-107 (6).png,Non-Anrmic-FN-107,0,IMG_02138
Fingernails/Non-Anrmic-FN-107.png,Non-Anrmic-FN-107,0,IMG_02139
Fingernails/Non-Anrmic-FN-112 (2).png,Non-Anrmic-FN-112,0,IMG_02140
Fingernails/Non-Anrmic-FN-112 (3).png,Non-Anrmic-FN-112,0,IMG_02141
Fingernails/Non-Anrmic-FN-112 (4).png,Non-Anrmic-FN-112,0,IMG_02142
Fingernails/Non-Anrmic-FN-112 (5).png,Non-Anrmic-FN-112,0,IMG_02143
Fingernails/Non-Anrmic-FN-112 (6).png,Non-Anrmic-FN-112,0,IMG_02144
Fingernails/Non-Anrmic-FN-112.png,Non-Anrmic-FN-112,0,IMG_02145
Fingernails/Non-Anrmic-FN-115 (2).png,Non-Anrmic-FN-115,0,IMG_02146
Fingernails/Non-Anrmic-FN-115 (3).png,Non-Anrmic-FN-115,0,IMG_02147
Fingernails/Non-Anrmic-FN-115 (4).png,Non-Anrmic-FN-115,0,IMG_02148
Fingernails/Non-Anrmic-FN-115 (5).png,Non-Anrmic-FN-115,0,IMG_02149
Fingernails/Non-Anrmic-FN-115 (6).png,Non-Anrmic-FN-115,0,IMG_02150
Fingernails/Non-Anrmic-FN-115.png,Non-Anrmic-FN-115,0,IMG_02151
Fingernails/Non-Anrmic-FN-116 (2).png,Non-Anrmic-FN-116,0,IMG_02152
Fingernails/Non-Anrmic-FN-116 (3).png,Non-Anrmic-FN-116,0,IMG_02153
Fingernails/Non-Anrmic-FN-116 (4).png,Non-Anrmic-FN-116,0,IMG_02154
Fingernails/Non-Anrmic-FN-116 (5).png,Non-Anrmic-FN-116,0,IMG_02155
Fingernails/Non-Anrmic-FN-116 (6).png,Non-Anrmic-FN-116,0,IMG_02156
Fingernails/Non-Anrmic-FN-116.png,Non-Anrmic-FN-116,0,IMG_02157
Fingernails/Non-Anrmic-FN-117 (2).png,Non-Anrmic-FN-117,0,IMG_02158
Fingernails/Non-Anrmic-FN-117 (3).png,Non-Anrmic-FN-117,0,IMG_02159
Fingernails/Non-Anrmic-FN-117 (4).png,Non-Anrmic-FN-117,0,IMG_02160
Fingernails/Non-Anrmic-FN-117 (5).png,Non-Anrmic-FN-117,0,IMG_02161
Fingernails/Non-Anrmic-FN-117 (6).png,Non-Anrmic-FN-117,0,IMG_02162
Fingernails/Non-Anrmic-FN-117.png,Non-Anrmic-FN-117,0,IMG_02163
Fingernails/Non-Anrmic-FN-118 (2).png,Non-Anrmic-FN-118,0,IMG_02164
Fingernails/Non-Anrmic-FN-118 (3).png,Non-Anrmic-FN-118,0,IMG_02165
Fingernails/Non-Anrmic-FN-118 (4).png,Non-Anrmic-FN-118,0,IMG_02166
Fingernails/Non-Anrmic-FN-118 (5).png,Non-Anrmic-FN-118,0,IMG_02167
Fingernails/Non-Anrmic-FN-118 (6).png,Non-Anrmic-FN-118,0,IMG_02168
Fingernails/Non-Anrmic-FN-118.png,Non-Anrmic-FN-118,0,IMG_02169
Fingernails/Non-Anrmic-FN-120 (2).png,Non-Anrmic-FN-120,0,IMG_02170
Fingernails/Non-Anrmic-FN-120 (3).png,Non-Anrmic-FN-120,0,IMG_02171
Fingernails/Non-Anrmic-FN-120 (4).png,Non-Anrmic-FN-120,0,IMG_02172
Fingernails/Non-Anrmic-FN-120 (5).png,Non-Anrmic-FN-120,0,IMG_02173
Fingernails/Non-Anrmic-FN-120 (6).png,Non-Anrmic-FN-120,0,IMG_02174
Fingernails/Non-Anrmic-FN-120.png,Non-Anrmic-FN-120,0,IMG_02175
Fingernails/Non-Anrmic-FN-122 (2).png,Non-Anrmic-FN-122,0,IMG_02176
Fingernails/Non-Anrmic-FN-122 (3).png,Non-Anrmic-FN-122,0,IMG_02177
Fingernails/Non-Anrmic-FN-122 (4).png,Non-Anrmic-FN-122,0,IMG_02178
Fingernails/Non-Anrmic-FN-122 (5).png,Non-Anrmic-FN-122,0,IMG_02179
Fingernails/Non-Anrmic-FN-122 (6).png,Non-Anrmic-FN-122,0,IMG_02180
Fingernails/Non-Anrmic-FN-122.png,Non-Anrmic-FN-122,0,IMG_02181
Fingernails/Non-Anrmic-FN-125 (2).png,Non-Anrmic-FN-125,0,IMG_02182
Fingernails/Non-Anrmic-FN-125 (3).png,Non-Anrmic-FN-125,0,IMG_02183
Fingernails/Non-Anrmic-FN-125 (4).png,Non-Anrmic-FN-125,0,IMG_02184
Fingernails/Non-Anrmic-FN-125 (5).png,Non-Anrmic-FN-125,0,IMG_02185
Fingernails/Non-Anrmic-FN-125 (6).png,Non-Anrmic-FN-125,0,IMG_02186
Fingernails/Non-Anrmic-FN-125.png,Non-Anrmic-FN-125,0,IMG_02187
Fingernails/Non-Anrmic-FN-127 (2).png,Non-Anrmic-FN-127,0,IMG_02188
Fingernails/Non-Anrmic-FN-127 (3).png,Non-Anrmic-FN-127,0,IMG_02189
Fingernails/Non-Anrmic-FN-127 (4).png,Non-Anrmic-FN-127,0,IMG_02190
Fingernails/Non-Anrmic-FN-127 (5).png,Non-Anrmic-FN-127,0,IMG_02191
Fingernails/Non-Anrmic-FN-127 (6).png,Non-Anrmic-FN-127,0,IMG_02192
Fingernails/Non-Anrmic-FN-127.png,Non-Anrmic-FN-127,0,IMG_02193
Fingernails/Non-Anrmic-FN-128 (2).png,Non-Anrmic-FN-128,0,IMG_02194
Fingernails/Non-Anrmic-FN-128 (3).png,Non-Anrmic-FN-128,0,IMG_02195
Fingernails/Non-Anrmic-FN-128 (4).png,Non-Anrmic-FN-128,0,IMG_02196
Fingernails/Non-Anrmic-FN-128 (5).png,Non-Anrmic-FN-128,0,IMG_02197
Fingernails/Non-Anrmic-FN-128 (6).png,Non-Anrmic-FN-128,0,IMG_02198
Fingernails/Non-Anrmic-FN-128.png,Non-Anrmic-FN-128,0,IMG_02199
Fingernails/Non-Anrmic-FN-129 (2).png,Non-Anrmic-FN-129,0,IMG_02200
Fingernails/Non-Anrmic-FN-129 (3).png,Non-Anrmic-FN-129,0,IMG_02201
Fingernails/Non-Anrmic-FN-129 (4).png,Non-Anrmic-FN-129,0,IMG_02202
Fingernails/Non-Anrmic-FN-129 (5).png,Non-Anrmic-FN-129,0,IMG_02203
Fingernails/Non-Anrmic-FN-129 (6).png,Non-Anrmic-FN-129,0,IMG_02204
Fingernails/Non-Anrmic-FN-129.png,Non-Anrmic-FN-129,0,IMG_02205
Fingernails/Non-Anrmic-FN-130 (2).png,Non-Anrmic-FN-130,0,IMG_02206
Fingernails/Non-Anrmic-FN-130 (3).png,Non-Anrmic-FN-130,0,IMG_02207
Fingernails/Non-Anrmic-FN-130 (4).png,Non-Anrmic-FN-130,0,IMG_02208
Fingernails/Non-Anrmic-FN-130 (5).png,Non-Anrmic-FN-130,0,IMG_02209
Fingernails/Non-Anrmic-FN-130 (6).png,Non-Anrmic-FN-130,0,IMG_02210
Fingernails/Non-Anrmic-FN-130.png,Non-Anrmic-FN-130,0,IMG_02211
Fingernails/Non-Anrmic-FN-135 (2).png,Non-Anrmic-FN-135,0,IMG_02218
Fingernails/Non-Anrmic-FN-135 (3).png,Non-Anrmic-FN-135,0,IMG_02219
Fingernails/Non-Anrmic-FN-135 (4).png,Non-Anrmic-FN-135,0,IMG_02220
Fingernails/Non-Anrmic-FN-135 (5).png,Non-Anrmic-FN-135,0,IMG_02221
Fingernails/Non-Anrmic-FN-135 (6).png,Non-Anrmic-FN-135,0,IMG_02222
Fingernails/Non-Anrmic-FN-135.png,Non-Anrmic-FN-135,0,IMG_02223
Fingernails/Non-Anrmic-FN-136 (2).png,Non-Anrmic-FN-136,0,IMG_02224
Fingernails/Non-Anrmic-FN-136 (3).png,Non-Anrmic-FN-136,0,IMG_02225
Fingernails/Non-Anrmic-FN-136 (4).png,Non-Anrmic-FN-136,0,IMG_02226
Fingernails/Non-Anrmic-FN-136 (5).png,Non-Anrmic-FN-136,0,IMG_02227
Fingernails/Non-Anrmic-FN-136 (6).png,Non-Anrmic-FN-136,0,IMG_02228
Fingernails/Non-Anrmic-FN-136.png,Non-Anrmic-FN-136,0,IMG_02229
Fingernails/Non-Anrmic-FN-138 (2).png,Non-Anrmic-FN-138,0,IMG_02236
Fingernails/Non-Anrmic-FN-138 (3).png,Non-Anrmic-FN-138,0,IMG_02237
Fingernails/Non-Anrmic-FN-138 (4).png,Non-Anrmic-FN-138,0,IMG_02238
Fingernails/Non-Anrmic-FN-138 (5).png,Non-Anrmic-FN-138,0,IMG_02239
Fingernails/Non-Anrmic-FN-138 (6).png,Non-Anrmic-FN-138,0,IMG_02240
Fingernails/Non-Anrmic-FN-138.png,Non-Anrmic-FN-138,0,IMG_02241
Fingernails/Non-Anrmic-FN-139 (2).png,Non-Anrmic-FN-139,0,IMG_02242
Fingernails/Non-Anrmic-FN-139 (3).png,Non-Anrmic-FN-139,0,IMG_02243
Fingernails/Non-Anrmic-FN-139 (4).png,Non-Anrmic-FN-139,0,IMG_02244
Fingernails/Non-Anrmic-FN-139 (5).png,Non-Anrmic-FN-139,0,IMG_02245
Fingernails/Non-Anrmic-FN-139 (6).png,Non-Anrmic-FN-139,0,IMG_02246
Fingernails/Non-Anrmic-FN-139.png,Non-Anrmic-FN-139,0,IMG_02247
Fingernails/Non-Anrmic-FN-143 (10).png,Non-Anrmic-FN-143,0,IMG_02248
Fingernails/Non-Anrmic-FN-143 (11).png,Non-Anrmic-FN-143,0,IMG_02249
Fingernails/Non-Anrmic-FN-143 (12).png,Non-Anrmic-FN-143,0,IMG_02250
Fingernails/Non-Anrmic-FN-143 (2).png,Non-Anrmic-FN-143,0,IMG_02251
Fingernails/Non-Anrmic-FN-143 (3).png,Non-Anrmic-FN-143,0,IMG_02252
Fingernails/Non-Anrmic-FN-143 (4).png,Non-Anrmic-FN-143,0,IMG_02253
Fingernails/Non-Anrmic-FN-143 (5).png,Non-Anrmic-FN-143,0,IMG_02254
Fingernails/Non-Anrmic-FN-143 (6).png,Non-Anrmic-FN-143,0,IMG_02255
Fingernails/Non-Anrmic-FN-143 (7).png,Non-Anrmic-FN-143,0,IMG_02256
Fingernails/Non-Anrmic-FN-143 (8).png,Non-Anrmic-FN-143,0,IMG_02257
Fingernails/Non-Anrmic-FN-143 (9).png,Non-Anrmic-FN-143,0,IMG_02258
Fingernails/Non-Anrmic-FN-143.png,Non-Anrmic-FN-143,0,IMG_02259
Fingernails/Non-Anrmic-FN-145 (10).png,Non-Anrmic-FN-145,0,IMG_02260
Fingernails/Non-Anrmic-FN-145 (11).png,Non-Anrmic-FN-145,0,IMG_02261
Fingernails/Non-Anrmic-FN-145 (12).png,Non-Anrmic-FN-145,0,IMG_02262
Fingernails/Non-Anrmic-FN-145 (2).png,Non-Anrmic-FN-145,0,IMG_02263
Fingernails/Non-Anrmic-FN-145 (3).png,Non-Anrmic-FN-145,0,IMG_02264
Fingernails/Non-Anrmic-FN-145 (4).png,Non-Anrmic-FN-145,0,IMG_02265
Fingernails/Non-Anrmic-FN-145 (5).png,Non-Anrmic-FN-145,0,IMG_02266
Fingernails/Non-Anrmic-FN-145 (6).png,Non-Anrmic-FN-145,0,IMG_02267
Fingernails/Non-Anrmic-FN-145 (7).png,Non-Anrmic-FN-145,0,IMG_02268
Fingernails/Non-Anrmic-FN-145 (8).png,Non-Anrmic-FN-145,0,IMG_02269
Fingernails/Non-Anrmic-FN-145 (9).png,Non-Anrmic-FN-145,0,IMG_02270
Fingernails/Non-Anrmic-FN-145.png,Non-Anrmic-FN-145,0,IMG_02271
Fingernails/Non-Anrmic-FN-146 (10).png,Non-Anrmic-FN-146,0,IMG_02272
Fingernails/Non-Anrmic-FN-146 (11).png,Non-Anrmic-FN-146,0,IMG_02273
Fingernails/Non-Anrmic-FN-146 (12).png,Non-Anrmic-FN-146,0,IMG_02274
Fingernails/Non-Anrmic-FN-146 (2).png,Non-Anrmic-FN-146,0,IMG_02275
Fingernails/Non-Anrmic-FN-146 (3).png,Non-Anrmic-FN-146,0,IMG_02276
Fingernails/Non-Anrmic-FN-146 (4).png,Non-Anrmic-FN-146,0,IMG_02277
Fingernails/Non-Anrmic-FN-146 (5).png,Non-Anrmic-FN-146,0,IMG_02278
Fingernails/Non-Anrmic-FN-146 (6).png,Non-Anrmic-FN-146,0,IMG_02279
Fingernails/Non-Anrmic-FN-146 (7).png,Non-Anrmic-FN-146,0,IMG_02280
Fingernails/Non-Anrmic-FN-146 (8).png,Non-Anrmic-FN-146,0,IMG_02281
Fingernails/Non-Anrmic-FN-146 (9).png,Non-Anrmic-FN-146,0,IMG_02282
Fingernails/Non-Anrmic-FN-146.png,Non-Anrmic-FN-146,0,IMG_02283
Fingernails/Non-Anrmic-FN-147 (10).png,Non-Anrmic-FN-147,0,IMG_02284
Fingernails/Non-Anrmic-FN-147 (11).png,Non-Anrmic-FN-147,0,IMG_02285
Fingernails/Non-Anrmic-FN-147 (12).png,Non-Anrmic-FN-147,0,IMG_02286
Fingernails/Non-Anrmic-FN-147 (2).png,Non-Anrmic-FN-147,0,IMG_02287
Fingernails/Non-Anrmic-FN-147 (3).png,Non-Anrmic-FN-147,0,IMG_02288
Fingernails/Non-Anrmic-FN-147 (4).png,Non-Anrmic-FN-147,0,IMG_02289
Fingernails/Non-Anrmic-FN-147 (5).png,Non-Anrmic-FN-147,0,IMG_02290
Fingernails/Non-Anrmic-FN-147 (6).png,Non-Anrmic-FN-147,0,IMG_02291
Fingernails/Non-Anrmic-FN-147 (7).png,Non-Anrmic-FN-147,0,IMG_02292
Fingernails/Non-Anrmic-FN-147 (8).png,Non-Anrmic-FN-147,0,IMG_02293
Fingernails/Non-Anrmic-FN-147 (9).png,Non-Anrmic-FN-147,0,IMG_02294
Fingernails/Non-Anrmic-FN-147.png,Non-Anrmic-FN-147,0,IMG_02295
Fingernails/Non-Anrmic-FN-148 (10).png,Non-Anrmic-FN-148,0,IMG_02296
Fingernails/Non-Anrmic-FN-148 (11).png,Non-Anrmic-FN-148,0,IMG_02297
Fingernails/Non-Anrmic-FN-148 (12).png,Non-Anrmic-FN-148,0,IMG_02298
Fingernails/Non-Anrmic-FN-148 (2).png,Non-Anrmic-FN-148,0,IMG_02299
Fingernails/Non-Anrmic-FN-148 (3).png,Non-Anrmic-FN-148,0,IMG_02300
Fingernails/Non-Anrmic-FN-148 (4).png,Non-Anrmic-FN-148,0,IMG_02301
Fingernails/Non-Anrmic-FN-148 (5).png,Non-Anrmic-FN-148,0,IMG_02302
Fingernails/Non-Anrmic-FN-148 (6).png,Non-Anrmic-FN-148,0,IMG_02303
Fingernails/Non-Anrmic-FN-148 (7).png,Non-Anrmic-FN-148,0,IMG_02304
Fingernails/Non-Anrmic-FN-148 (8).png,Non-Anrmic-FN-148,0,IMG_02305
Fingernails/Non-Anrmic-FN-148 (9).png,Non-Anrmic-FN-148,0,IMG_02306
Fingernails/Non-Anrmic-FN-148.png,Non-Anrmic-FN-148,0,IMG_02307
Fingernails/Non-Anrmic-FN-149 (10).png,Non-Anrmic-FN-149,0,IMG_02308
Fingernails/Non-Anrmic-FN-149 (11).png,Non-Anrmic-FN-149,0,IMG_02309
Fingernails/Non-Anrmic-FN-149 (12).png,Non-Anrmic-FN-149,0,IMG_02310
Fingernails/Non-Anrmic-FN-149 (2).png,Non-Anrmic-FN-149,0,IMG_02311
Fingernails/Non-Anrmic-FN-149 (3).png,Non-Anrmic-FN-149,0,IMG_02312
Fingernails/Non-Anrmic-FN-149 (4).png,Non-Anrmic-FN-149,0,IMG_02313
Fingernails/Non-Anrmic-FN-149 (5).png,Non-Anrmic-FN-149,0,IMG_02314
Fingernails/Non-Anrmic-FN-149 (6).png,Non-Anrmic-FN-149,0,IMG_02315
Fingernails/Non-Anrmic-FN-149 (7).png,Non-Anrmic-FN-149,0,IMG_02316
Fingernails/Non-Anrmic-FN-149 (8).png,Non-Anrmic-FN-149,0,IMG_02317
Fingernails/Non-Anrmic-FN-149 (9).png,Non-Anrmic-FN-149,0,IMG_02318
Fingernails/Non-Anrmic-FN-149.png,Non-Anrmic-FN-149,0,IMG_02319
Fingernails/Non-Anrmic-FN-150 (10).png,Non-Anrmic-FN-150,0,IMG_02320
Fingernails/Non-Anrmic-FN-150 (11).png,Non-Anrmic-FN-150,0,IMG_02321
Fingernails/Non-Anrmic-FN-150 (12).png,Non-Anrmic-FN-150,0,IMG_02322
Fingernails/Non-Anrmic-FN-150 (2).png,Non-Anrmic-FN-150,0,IMG_02323
Fingernails/Non-Anrmic-FN-150 (3).png,Non-Anrmic-FN-150,0,IMG_02324
Fingernails/Non-Anrmic-FN-150 (4).png,Non-Anrmic-FN-150,0,IMG_02325
Fingernails/Non-Anrmic-FN-150 (5).png,Non-Anrmic-FN-150,0,IMG_02326
Fingernails/Non-Anrmic-FN-150 (6).png,Non-Anrmic-FN-150,0,IMG_02327
Fingernails/Non-Anrmic-FN-150 (7).png,Non-Anrmic-FN-150,0,IMG_02328
Fingernails/Non-Anrmic-FN-150 (8).png,Non-Anrmic-FN-150,0,IMG_02329
Fingernails/Non-Anrmic-FN-150 (9).png,Non-Anrmic-FN-150,0,IMG_02330
Fingernails/Non-Anrmic-FN-150.png,Non-Anrmic-FN-150,0,IMG_02331
Fingernails/Non-Anrmic-FN-153 (10).png,Non-Anrmic-FN-153,0,IMG_02332
Fingernails/Non-Anrmic-FN-153 (11).png,Non-Anrmic-FN-153,0,IMG_02333
Fingernails/Non-Anrmic-FN-153 (12).png,Non-Anrmic-FN-153,0,IMG_02334
Fingernails/Non-Anrmic-FN-153 (2).png,Non-Anrmic-FN-153,0,IMG_02335
Fingernails/Non-Anrmic-FN-153 (3).png,Non-Anrmic-FN-153,0,IMG_02336
Fingernails/Non-Anrmic-FN-153 (4).png,Non-Anrmic-FN-153,0,IMG_02337
Fingernails/Non-Anrmic-FN-153 (5).png,Non-Anrmic-FN-153,0,IMG_02338
Fingernails/Non-Anrmic-FN-153 (6).png,Non-Anrmic-FN-153,0,IMG_02339
Fingernails/Non-Anrmic-FN-153 (7).png,Non-Anrmic-FN-153,0,IMG_02340
Fingernails/Non-Anrmic-FN-153 (8).png,Non-Anrmic-FN-153,0,IMG_02341
Fingernails/Non-Anrmic-FN-153 (9).png,Non-Anrmic-FN-153,0,IMG_02342
Fingernails/Non-Anrmic-FN-153.png,Non-Anrmic-FN-153,0,IMG_02343
Fingernails/Non-Anrmic-FN-155 (10).png,Non-Anrmic-FN-155,0,IMG_02356
Fingernails/Non-Anrmic-FN-155 (11).png,Non-Anrmic-FN-155,0,IMG_02357
Fingernails/Non-Anrmic-FN-155 (12).png,Non-Anrmic-FN-155,0,IMG_02358
Fingernails/Non-Anrmic-FN-155 (2).png,Non-Anrmic-FN-155,0,IMG_02359
Fingernails/Non-Anrmic-FN-155 (3).png,Non-Anrmic-FN-155,0,IMG_02360
Fingernails/Non-Anrmic-FN-155 (4).png,Non-Anrmic-FN-155,0,IMG_02361
Fingernails/Non-Anrmic-FN-155 (5).png,Non-Anrmic-FN-155,0,IMG_02362
Fingernails/Non-Anrmic-FN-155 (6).png,Non-Anrmic-FN-155,0,IMG_02363
Fingernails/Non-Anrmic-FN-155 (7).png,Non-Anrmic-FN-155,0,IMG_02364
Fingernails/Non-Anrmic-FN-155 (8).png,Non-Anrmic-FN-155,0,IMG_02365
Fingernails/Non-Anrmic-FN-155 (9).png,Non-Anrmic-FN-155,0,IMG_02366
Fingernails/Non-Anrmic-FN-155.png,Non-Anrmic-FN-155,0,IMG_02367
Fingernails/Non-Anrmic-FN-158 (10).png,Non-Anrmic-FN-158,0,IMG_02368
Fingernails/Non-Anrmic-FN-158 (11).png,Non-Anrmic-FN-158,0,IMG_02369
Fingernails/Non-Anrmic-FN-158 (12).png,Non-Anrmic-FN-158,0,IMG_02370
Fingernails/Non-Anrmic-FN-158 (2).png,Non-Anrmic-FN-158,0,IMG_02371
Fingernails/Non-Anrmic-FN-158 (3).png,Non-Anrmic-FN-158,0,IMG_02372
Fingernails/Non-Anrmic-FN-158 (4).png,Non-Anrmic-FN-158,0,IMG_02373
Fingernails/Non-Anrmic-FN-158 (5).png,Non-Anrmic-FN-158,0,IMG_02374
Fingernails/Non-Anrmic-FN-158 (6).png,Non-Anrmic-FN-158,0,IMG_02375
Fingernails/Non-Anrmic-FN-158 (7).png,Non-Anrmic-FN-158,0,IMG_02376
Fingernails/Non-Anrmic-FN-158 (8).png,Non-Anrmic-FN-158,0,IMG_02377
Fingernails/Non-Anrmic-FN-158 (9).png,Non-Anrmic-FN-158,0,IMG_02378
Fingernails/Non-Anrmic-FN-158.png,Non-Anrmic-FN-158,0,IMG_02379
Fingernails/Non-Anrmic-FN-159 (10).png,Non-Anrmic-FN-159,0,IMG_02380
Fingernails/Non-Anrmic-FN-159 (11).png,Non-Anrmic-FN-159,0,IMG_02381
Fingernails/Non-Anrmic-FN-159 (12).png,Non-Anrmic-FN-159,0,IMG_02382
Fingernails/Non-Anrmic-FN-159 (2).png,Non-Anrmic-FN-159,0,IMG_02383
Fingernails/Non-Anrmic-FN-159 (3).png,Non-Anrmic-FN-159,0,IMG_02384
Fingernails/Non-Anrmic-FN-159 (4).png,Non-Anrmic-FN-159,0,IMG_02385
Fingernails/Non-Anrmic-FN-159 (5).png,Non-Anrmic-FN-159,0,IMG_02386
Fingernails/Non-Anrmic-FN-159 (6).png,Non-Anrmic-FN-159,0,IMG_02387
Fingernails/Non-Anrmic-FN-159 (7).png,Non-Anrmic-FN-159,0,IMG_02388
Fingernails/Non-Anrmic-FN-159 (8).png,Non-Anrmic-FN-159,0,IMG_02389
Fingernails/Non-Anrmic-FN-159 (9).png,Non-Anrmic-FN-159,0,IMG_02390
Fingernails/Non-Anrmic-FN-159.png,Non-Anrmic-FN-159,0,IMG_02391
Fingernails/Non-Anrmic-FN-162 (10).png,Non-Anrmic-FN-162,0,IMG_02419
Fingernails/Non-Anrmic-FN-162 (11).png,Non-Anrmic-FN-162,0,IMG_02420
Fingernails/Non-Anrmic-FN-162 (12).png,Non-Anrmic-FN-162,0,IMG_02421
Fingernails/Non-Anrmic-FN-162 (2).png,Non-Anrmic-FN-162,0,IMG_02422
Fingernails/Non-Anrmic-FN-162 (3).png,Non-Anrmic-FN-162,0,IMG_02423
Fingernails/Non-Anrmic-FN-162 (4).png,Non-Anrmic-FN-162,0,IMG_02424
Fingernails/Non-Anrmic-FN-162 (5).png,Non-Anrmic-FN-162,0,IMG_02425
Fingernails/Non-Anrmic-FN-162 (6).png,Non-Anrmic-FN-162,0,IMG_02426
Fingernails/Non-Anrmic-FN-162 (7).png,Non-Anrmic-FN-162,0,IMG_02427
Fingernails/Non-Anrmic-FN-162 (8).png,Non-Anrmic-FN-162,0,IMG_02428
Fingernails/Non-Anrmic-FN-162 (9).png,Non-Anrmic-FN-162,0,IMG_02429
Fingernails/Non-Anrmic-FN-162.png,Non-Anrmic-FN-162,0,IMG_02430
Fingernails/Non-Anrmic-FN-164 (10).png,Non-Anrmic-FN-164,0,IMG_02443
Fingernails/Non-Anrmic-FN-164 (11).png,Non-Anrmic-FN-164,0,IMG_02444
Fingernails/Non-Anrmic-FN-164 (12).png,Non-Anrmic-FN-164,0,IMG_02445
Fingernails/Non-Anrmic-FN-164 (2).png,Non-Anrmic-FN-164,0,IMG_02446
Fingernails/Non-Anrmic-FN-164 (3).png,Non-Anrmic-FN-164,0,IMG_02447
Fingernails/Non-Anrmic-FN-164 (4).png,Non-Anrmic-FN-164,0,IMG_02448
Fingernails/Non-Anrmic-FN-164 (5).png,Non-Anrmic-FN-164,0,IMG_02449
Fingernails/Non-Anrmic-FN-164 (6).png,Non-Anrmic-FN-164,0,IMG_02450
Fingernails/Non-Anrmic-FN-164 (7).png,Non-Anrmic-FN-164,0,IMG_02451
Fingernails/Non-Anrmic-FN-164 (8).png,Non-Anrmic-FN-164,0,IMG_02452
Fingernails/Non-Anrmic-FN-164 (9).png,Non-Anrmic-FN-164,0,IMG_02453
Fingernails/Non-Anrmic-FN-164.png,Non-Anrmic-FN-164,0,IMG_02454
Fingernails/Non-Anrmic-FN-165 (10).png,Non-Anrmic-FN-165,0,IMG_02455
Fingernails/Non-Anrmic-FN-165 (11).png,Non-Anrmic-FN-165,0,IMG_02456
Fingernails/Non-Anrmic-FN-165 (12).png,Non-Anrmic-FN-165,0,IMG_02457
Fingernails/Non-Anrmic-FN-165 (2).png,Non-Anrmic-FN-165,0,IMG_02458
Fingernails/Non-Anrmic-FN-165 (3).png,Non-Anrmic-FN-165,0,IMG_02459
Fingernails/Non-Anrmic-FN-165 (4).png,Non-Anrmic-FN-165,0,IMG_02460
Fingernails/Non-Anrmic-FN-165 (5).png,Non-Anrmic-FN-165,0,IMG_02461
Fingernails/Non-Anrmic-FN-165 (6).png,Non-Anrmic-FN-165,0,IMG_02462
Fingernails/Non-Anrmic-FN-165 (7).png,Non-Anrmic-FN-165,0,IMG_02463
Fingernails/Non-Anrmic-FN-165 (8).png,Non-Anrmic-FN-165,0,IMG_02464
Fingernails/Non-Anrmic-FN-165 (9).png,Non-Anrmic-FN-165,0,IMG_02465
Fingernails/Non-Anrmic-FN-165.png,Non-Anrmic-FN-165,0,IMG_02466
Fingernails/Non-Anrmic-FN-167 (10).png,Non-Anrmic-FN-167,0,IMG_02467
Fingernails/Non-Anrmic-FN-167 (11).png,Non-Anrmic-FN-167,0,IMG_02468
Fingernails/Non-Anrmic-FN-167 (12).png,Non-Anrmic-FN-167,0,IMG_02469
Fingernails/Non-Anrmic-FN-167 (2).png,Non-Anrmic-FN-167,0,IMG_02470
Fingernails/Non-Anrmic-FN-167 (3).png,Non-Anrmic-FN-167,0,IMG_02471
Fingernails/Non-Anrmic-FN-167 (4).png,Non-Anrmic-FN-167,0,IMG_02472
Fingernails/Non-Anrmic-FN-167 (5).png,Non-Anrmic-FN-167,0,IMG_02473
Fingernails/Non-Anrmic-FN-167 (6).png,Non-Anrmic-FN-167,0,IMG_02474
Fingernails/Non-Anrmic-FN-167 (7).png,Non-Anrmic-FN-167,0,IMG_02475
Fingernails/Non-Anrmic-FN-167 (8).png,Non-Anrmic-FN-167,0,IMG_02476
Fingernails/Non-Anrmic-FN-167 (9).png,Non-Anrmic-FN-167,0,IMG_02477
Fingernails/Non-Anrmic-FN-167.png,Non-Anrmic-FN-167,0,IMG_02478
Fingernails/Non-Anrmic-FN-168 (10).png,Non-Anrmic-FN-168,0,IMG_02479
Fingernails/Non-Anrmic-FN-168 (11).png,Non-Anrmic-FN-168,0,IMG_02480
Fingernails/Non-Anrmic-FN-168 (12).png,Non-Anrmic-FN-168,0,IMG_02481
Fingernails/Non-Anrmic-FN-168 (2).png,Non-Anrmic-FN-168,0,IMG_02482
Fingernails/Non-Anrmic-FN-168 (3).png,Non-Anrmic-FN-168,0,IMG_02483
Fingernails/Non-Anrmic-FN-168 (4).png,Non-Anrmic-FN-168,0,IMG_02484
Fingernails/Non-Anrmic-FN-168 (5).png,Non-Anrmic-FN-168,0,IMG_02485
Fingernails/Non-Anrmic-FN-168 (6).png,Non-Anrmic-FN-168,0,IMG_02486
Fingernails/Non-Anrmic-FN-168 (7).png,Non-Anrmic-FN-168,0,IMG_02487
Fingernails/Non-Anrmic-FN-168 (8).png,Non-Anrmic-FN-168,0,IMG_02488
Fingernails/Non-Anrmic-FN-168 (9).png,Non-Anrmic-FN-168,0,IMG_02489
Fingernails/Non-Anrmic-FN-168.png,Non-Anrmic-FN-168,0,IMG_02490
Fingernails/Non-Anrmic-FN-169 (10).png,Non-Anrmic-FN-169,0,IMG_02491
Fingernails/Non-Anrmic-FN-169 (11).png,Non-Anrmic-FN-169,0,IMG_02492
Fingernails/Non-Anrmic-FN-169 (12).png,Non-Anrmic-FN-169,0,IMG_02493
Fingernails/Non-Anrmic-FN-169 (2).png,Non-Anrmic-FN-169,0,IMG_02494
Fingernails/Non-Anrmic-FN-169 (3).png,Non-Anrmic-FN-169,0,IMG_02495
Fingernails/Non-Anrmic-FN-169 (4).png,Non-Anrmic-FN-169,0,IMG_02496
Fingernails/Non-Anrmic-FN-169 (5).png,Non-Anrmic-FN-169,0,IMG_02497
Fingernails/Non-Anrmic-FN-169 (6).png,Non-Anrmic-FN-169,0,IMG_02498
Fingernails/Non-Anrmic-FN-169 (7).png,Non-Anrmic-FN-169,0,IMG_02499
Fingernails/Non-Anrmic-FN-169 (8).png,Non-Anrmic-FN-169,0,IMG_02500
Fingernails/Non-Anrmic-FN-169 (9).png,Non-Anrmic-FN-169,0,IMG_02501
Fingernails/Non-Anrmic-FN-169.png,Non-Anrmic-FN-169,0,IMG_02502
Fingernails/Non-Anrmic-FN-170 (10).png,Non-Anrmic-FN-170,0,IMG_02503
Fingernails/Non-Anrmic-FN-170 (11).png,Non-Anrmic-FN-170,0,IMG_02504
Fingernails/Non-Anrmic-FN-170 (12).png,Non-Anrmic-FN-170,0,IMG_02505
Fingernails/Non-Anrmic-FN-170 (2).png,Non-Anrmic-FN-170,0,IMG_02506
Fingernails/Non-Anrmic-FN-170 (3).png,Non-Anrmic-FN-170,0,IMG_02507
Fingernails/Non-Anrmic-FN-170 (4).png,Non-Anrmic-FN-170,0,IMG_02508
Fingernails/Non-Anrmic-FN-170 (5).png,Non-Anrmic-FN-170,0,IMG_02509
Fingernails/Non-Anrmic-FN-170 (6).png,Non-Anrmic-FN-170,0,IMG_02510
Fingernails/Non-Anrmic-FN-170 (7).png,Non-Anrmic-FN-170,0,IMG_02511
Fingernails/Non-Anrmic-FN-170 (8).png,Non-Anrmic-FN-170,0,IMG_02512
Fingernails/Non-Anrmic-FN-170 (9).png,Non-Anrmic-FN-170,0,IMG_02513
Fingernails/Non-Anrmic-FN-170.png,Non-Anrmic-FN-170,0,IMG_02514
Fingernails/Non-Anrmic-FN-177 (10).png,Non-Anrmic-FN-177,0,IMG_02539
Fingernails/Non-Anrmic-FN-177 (11).png,Non-Anrmic-FN-177,0,IMG_02540
Fingernails/Non-Anrmic-FN-177 (12).png,Non-Anrmic-FN-177,0,IMG_02541
Fingernails/Non-Anrmic-FN-177 (2).png,Non-Anrmic-FN-177,0,IMG_02542
Fingernails/Non-Anrmic-FN-177 (3).png,Non-Anrmic-FN-177,0,IMG_02543
Fingernails/Non-Anrmic-FN-177 (4).png,Non-Anrmic-FN-177,0,IMG_02544
Fingernails/Non-Anrmic-FN-177 (5).png,Non-Anrmic-FN-177,0,IMG_02545
Fingernails/Non-Anrmic-FN-177 (6).png,Non-Anrmic-FN-177,0,IMG_02546
Fingernails/Non-Anrmic-FN-177 (7).png,Non-Anrmic-FN-177,0,IMG_02547
Fingernails/Non-Anrmic-FN-177 (8).png,Non-Anrmic-FN-177,0,IMG_02548
Fingernails/Non-Anrmic-FN-177 (9).png,Non-Anrmic-FN-177,0,IMG_02549
Fingernails/Non-Anrmic-FN-177.png,Non-Anrmic-FN-177,0,IMG_02550
Fingernails/Non-Anrmic-FN-178 (10).png,Non-Anrmic-FN-178,0,IMG_02551
Fingernails/Non-Anrmic-FN-178 (11).png,Non-Anrmic-FN-178,0,IMG_02552
Fingernails/Non-Anrmic-FN-178 (12).png,Non-Anrmic-FN-178,0,IMG_02553
Fingernails/Non-Anrmic-FN-178 (2).png,Non-Anrmic-FN-178,0,IMG_02554
Fingernails/Non-Anrmic-FN-178 (3).png,Non-Anrmic-FN-178,0,IMG_02555
Fingernails/Non-Anrmic-FN-178 (4).png,Non-Anrmic-FN-178,0,IMG_02556
Fingernails/Non-Anrmic-FN-178 (5).png,Non-Anrmic-FN-178,0,IMG_02557
Fingernails/Non-Anrmic-FN-178 (6).png,Non-Anrmic-FN-178,0,IMG_02558
Fingernails/Non-Anrmic-FN-178 (7).png,Non-Anrmic-FN-178,0,IMG_02559
Fingernails/Non-Anrmic-FN-178 (8).png,Non-Anrmic-FN-178,0,IMG_02560
Fingernails/Non-Anrmic-FN-178 (9).png,Non-Anrmic-FN-178,0,IMG_02561
Fingernails/Non-Anrmic-FN-178.png,Non-Anrmic-FN-178,0,IMG_02562
Fingernails/Non-Anrmic-FN-179 (10).png,Non-Anrmic-FN-179,0,IMG_02563
Fingernails/Non-Anrmic-FN-179 (11).png,Non-Anrmic-FN-179,0,IMG_02564
Fingernails/Non-Anrmic-FN-179 (12).png,Non-Anrmic-FN-179,0,IMG_02565
Fingernails/Non-Anrmic-FN-179 (2).png,Non-Anrmic-FN-179,0,IMG_02566
Fingernails/Non-Anrmic-FN-179 (3).png,Non-Anrmic-FN-179,0,IMG_02567
Fingernails/Non-Anrmic-FN-179 (4).png,Non-Anrmic-FN-179,0,IMG_02568
Fingernails/Non-Anrmic-FN-179 (5).png,Non-Anrmic-FN-179,0,IMG_02569
Fingernails/Non-Anrmic-FN-179 (6).png,Non-Anrmic-FN-179,0,IMG_02570
Fingernails/Non-Anrmic-FN-179 (7).png,Non-Anrmic-FN-179,0,IMG_02571
Fingernails/Non-Anrmic-FN-179 (8).png,Non-Anrmic-FN-179,0,IMG_02572
Fingernails/Non-Anrmic-FN-179 (9).png,Non-Anrmic-FN-179,0,IMG_02573
Fingernails/Non-Anrmic-FN-179.png,Non-Anrmic-FN-179,0,IMG_02574
Fingernails/Non-Anrmic-FN-183 (10).png,Non-Anrmic-FN-183,0,IMG_02599
Fingernails/Non-Anrmic-FN-183 (11).png,Non-Anrmic-FN-183,0,IMG_02600
Fingernails/Non-Anrmic-FN-183 (12).png,Non-Anrmic-FN-183,0,IMG_02601
Fingernails/Non-Anrmic-FN-183 (2).png,Non-Anrmic-FN-183,0,IMG_02602
Fingernails/Non-Anrmic-FN-183 (3).png,Non-Anrmic-FN-183,0,IMG_02603
Fingernails/Non-Anrmic-FN-183 (4).png,Non-Anrmic-FN-183,0,IMG_02604
Fingernails/Non-Anrmic-FN-183 (5).png,Non-Anrmic-FN-183,0,IMG_02605
Fingernails/Non-Anrmic-FN-183 (6).png,Non-Anrmic-FN-183,0,IMG_02606
Fingernails/Non-Anrmic-FN-183 (7).png,Non-Anrmic-FN-183,0,IMG_02607
Fingernails/Non-Anrmic-FN-183 (8).png,Non-Anrmic-FN-183,0,IMG_02608
Fingernails/Non-Anrmic-FN-183 (9).png,Non-Anrmic-FN-183,0,IMG_02609
Fingernails/Non-Anrmic-FN-183.png,Non-Anrmic-FN-183,0,IMG_02610
Fingernails/Non-Anrmic-FN-196 (10).png,Non-Anrmic-FN-196,0,IMG_02635
Fingernails/Non-Anrmic-FN-196 (11).png,Non-Anrmic-FN-196,0,IMG_02636
Fingernails/Non-Anrmic-FN-196 (12).png,Non-Anrmic-FN-196,0,IMG_02637
Fingernails/Non-Anrmic-FN-196 (2).png,Non-Anrmic-FN-196,0,IMG_02638
Fingernails/Non-Anrmic-FN-196 (3).png,Non-Anrmic-FN-196,0,IMG_02639
Fingernails/Non-Anrmic-FN-196 (4).png,Non-Anrmic-FN-196,0,IMG_02640
Fingernails/Non-Anrmic-FN-196 (5).png,Non-Anrmic-FN-196,0,IMG_02641
Fingernails/Non-Anrmic-FN-196 (6).png,Non-Anrmic-FN-196,0,IMG_02642
Fingernails/Non-Anrmic-FN-196 (7).png,Non-Anrmic-FN-196,0,IMG_02643
Fingernails/Non-Anrmic-FN-196 (8).png,Non-Anrmic-FN-196,0,IMG_02644
Fingernails/Non-Anrmic-FN-196 (9).png,Non-Anrmic-FN-196,0,IMG_02645
Fingernails/Non-Anrmic-FN-196.png,Non-Anrmic-FN-196,0,IMG_02646
Fingernails/Non-Anrmic-FN-198 (10).png,Non-Anrmic-FN-198,0,IMG_02659
Fingernails/Non-Anrmic-FN-198 (11).png,Non-Anrmic-FN-198,0,IMG_02660
Fingernails/Non-Anrmic-FN-198 (12).png,Non-Anrmic-FN-198,0,IMG_02661
Fingernails/Non-Anrmic-FN-198 (2).png,Non-Anrmic-FN-198,0,IMG_02662
Fingernails/Non-Anrmic-FN-198 (3).png,Non-Anrmic-FN-198,0,IMG_02663
Fingernails/Non-Anrmic-FN-198 (4).png,Non-Anrmic-FN-198,0,IMG_02664
Fingernails/Non-Anrmic-FN-198 (5).png,Non-Anrmic-FN-198,0,IMG_02665
Fingernails/Non-Anrmic-FN-198 (6).png,Non-Anrmic-FN-198,0,IMG_02666
Fingernails/Non-Anrmic-FN-198 (7).png,Non-Anrmic-FN-198,0,IMG_02667
Fingernails/Non-Anrmic-FN-198 (8).png,Non-Anrmic-FN-198,0,IMG_02668
Fingernails/Non-Anrmic-FN-198 (9).png,Non-Anrmic-FN-198,0,IMG_02669
Fingernails/Non-Anrmic-FN-198.png,Non-Anrmic-FN-198,0,IMG_02670
Fingernails/Non-Anrmic-FN-199 (10).png,Non-Anrmic-FN-199,0,IMG_02671
Fingernails/Non-Anrmic-FN-199 (11).png,Non-Anrmic-FN-199,0,IMG_02672
Fingernails/Non-Anrmic-FN-199 (12).png,Non-Anrmic-FN-199,0,IMG_02673
Fingernails/Non-Anrmic-FN-199 (2).png,Non-Anrmic-FN-199,0,IMG_02674
Fingernails/Non-Anrmic-FN-199 (3).png,Non-Anrmic-FN-199,0,IMG_02675
Fingernails/Non-Anrmic-FN-199 (4).png,Non-Anrmic-FN-199,0,IMG_02676
Fingernails/Non-Anrmic-FN-199 (5).png,Non-Anrmic-FN-199,0,IMG_02677
Fingernails/Non-Anrmic-FN-199 (6).png,Non-Anrmic-FN-199,0,IMG_02678
Fingernails/Non-Anrmic-FN-199 (7).png,Non-Anrmic-FN-199,0,IMG_02679
Fingernails/Non-Anrmic-FN-199 (8).png,Non-Anrmic-FN-199,0,IMG_02680
Fingernails/Non-Anrmic-FN-199 (9).png,Non-Anrmic-FN-199,0,IMG_02681
Fingernails/Non-Anrmic-FN-199.png,Non-Anrmic-FN-199,0,IMG_02682
Fingernails/Non-Anrmic-FN-200 (10).png,Non-Anrmic-FN-200,0,IMG_02683
Fingernails/Non-Anrmic-FN-200 (11).png,Non-Anrmic-FN-200,0,IMG_02684
Fingernails/Non-Anrmic-FN-200 (12).png,Non-Anrmic-FN-200,0,IMG_02685
Fingernails/Non-Anrmic-FN-200 (2).png,Non-Anrmic-FN-200,0,IMG_02686
Fingernails/Non-Anrmic-FN-200 (3).png,Non-Anrmic-FN-200,0,IMG_02687
Fingernails/Non-Anrmic-FN-200 (4).png,Non-Anrmic-FN-200,0,IMG_02688
Fingernails/Non-Anrmic-FN-200 (5).png,Non-Anrmic-FN-200,0,IMG_02689
Fingernails/Non-Anrmic-FN-200 (6).png,Non-Anrmic-FN-200,0,IMG_02690
Fingernails/Non-Anrmic-FN-200 (7).png,Non-Anrmic-FN-200,0,IMG_02691
Fingernails/Non-Anrmic-FN-200 (8).png,Non-Anrmic-FN-200,0,IMG_02692
Fingernails/Non-Anrmic-FN-200 (9).png,Non-Anrmic-FN-200,0,IMG_02693
Fingernails/Non-Anrmic-FN-200.png,Non-Anrmic-FN-200,0,IMG_02694
Fingernails/Non-Anrmic-FN-202 (10).png,Non-Anrmic-FN-202,0,IMG_02695
Fingernails/Non-Anrmic-FN-202 (11).png,Non-Anrmic-FN-202,0,IMG_02696
Fingernails/Non-Anrmic-FN-202 (12).png,Non-Anrmic-FN-202,0,IMG_02697
Fingernails/Non-Anrmic-FN-202 (2).png,Non-Anrmic-FN-202,0,IMG_02698
Fingernails/Non-Anrmic-FN-202 (3).png,Non-Anrmic-FN-202,0,IMG_02699
Fingernails/Non-Anrmic-FN-202 (4).png,Non-Anrmic-FN-202,0,IMG_02700
Fingernails/Non-Anrmic-FN-202 (5).png,Non-Anrmic-FN-202,0,IMG_02701
Fingernails/Non-Anrmic-FN-202 (6).png,Non-Anrmic-FN-202,0,IMG_02702
Fingernails/Non-Anrmic-FN-202 (7).png,Non-Anrmic-FN-202,0,IMG_02703
Fingernails/Non-Anrmic-FN-202 (8).png,Non-Anrmic-FN-202,0,IMG_02704
Fingernails/Non-Anrmic-FN-202 (9).png,Non-Anrmic-FN-202,0,IMG_02705
Fingernails/Non-Anrmic-FN-202.png,Non-Anrmic-FN-202,0,IMG_02706
Fingernails/Non-Anrmic-FN-203 (10).png,Non-Anrmic-FN-203,0,IMG_02707
Fingernails/Non-Anrmic-FN-203 (11).png,Non-Anrmic-FN-203,0,IMG_02708
Fingernails/Non-Anrmic-FN-203 (12).png,Non-Anrmic-FN-203,0,IMG_02709
Fingernails/Non-Anrmic-FN-203 (2).png,Non-Anrmic-FN-203,0,IMG_02710
Fingernails/Non-Anrmic-FN-203 (3).png,Non-Anrmic-FN-203,0,IMG_02711
Fingernails/Non-Anrmic-FN-203 (4).png,Non-Anrmic-FN-203,0,IMG_02712
Fingernails/Non-Anrmic-FN-203 (5).png,Non-Anrmic-FN-203,0,IMG_02713
Fingernails/Non-Anrmic-FN-203 (6).png,Non-Anrmic-FN-203,0,IMG_02714
Fingernails/Non-Anrmic-FN-203 (7).png,Non-Anrmic-FN-203,0,IMG_02715
Fingernails/Non-Anrmic-FN-203 (8).png,Non-Anrmic-FN-203,0,IMG_02716
Fingernails/Non-Anrmic-FN-203 (9).png,Non-Anrmic-FN-203,0,IMG_02717
Fingernails/Non-Anrmic-FN-203.png,Non-Anrmic-FN-203,0,IMG_02718
Fingernails/Anemic-Fin-010 (10).png,Anemic-Fin-010,1,IMG_02725
Fingernails/Anemic-Fin-010 (11).png,Anemic-Fin-010,1,IMG_02726
Fingernails/Anemic-Fin-010 (12).png,Anemic-Fin-010,1,IMG_02727
Fingernails/Anemic-Fin-010 (2).png,Anemic-Fin-010,1,IMG_02728
Fingernails/Anemic-Fin-010 (3).png,Anemic-Fin-010,1,IMG_02729
Fingernails/Anemic-Fin-010 (4).png,Anemic-Fin-010,1,IMG_02730
Fingernails/Anemic-Fin-010 (5).png,Anemic-Fin-010,1,IMG_02731
Fingernails/Anemic-Fin-010 (6).png,Anemic-Fin-010,1,IMG_02732
Fingernails/Anemic-Fin-010 (7).png,Anemic-Fin-010,1,IMG_02733
Fingernails/Anemic-Fin-010 (8).png,Anemic-Fin-010,1,IMG_02734
Fingernails/Anemic-Fin-010 (9).png,Anemic-Fin-010,1,IMG_02735
Fingernails/Anemic-Fin-010.png,Anemic-Fin-010,1,IMG_02736
Fingernails/Anemic-Fin-027 (10).png,Anemic-Fin-027,1,IMG_02749
Fingernails/Anemic-Fin-027 (11).png,Anemic-Fin-027,1,IMG_02750
Fingernails/Anemic-Fin-027 (12).png,Anemic-Fin-027,1,IMG_02751
Fingernails/Anemic-Fin-027 (2).png,Anemic-Fin-027,1,IMG_02752
Fingernails/Anemic-Fin-027 (3).png,Anemic-Fin-027,1,IMG_02753
Fingernails/Anemic-Fin-027 (4).png,Anemic-Fin-027,1,IMG_02754
Fingernails/Anemic-Fin-027 (5).png,Anemic-Fin-027,1,IMG_02755
Fingernails/Anemic-Fin-027 (6).png,Anemic-Fin-027,1,IMG_02756
Fingernails/Anemic-Fin-027 (7).png,Anemic-Fin-027,1,IMG_02757
Fingernails/Anemic-Fin-027 (8).png,Anemic-Fin-027,1,IMG_02758
Fingernails/Anemic-Fin-027 (9).png,Anemic-Fin-027,1,IMG_02759
Fingernails/Anemic-Fin-027.png,Anemic-Fin-027,1,IMG_02760
Fingernails/Anemic-FN-003 (10).png,Anemic-FN-003,1,IMG_02761
Fingernails/Anemic-FN-003 (11).png,Anemic-FN-003,1,IMG_02762
Fingernails/Anemic-FN-003 (12).png,Anemic-FN-003,1,IMG_02763
Fingernails/Anemic-FN-003 (2).png,Anemic-FN-003,1,IMG_02764
Fingernails/Anemic-FN-003 (3).png,Anemic-FN-003,1,IMG_02765
Fingernails/Anemic-FN-003 (4).png,Anemic-FN-003,1,IMG_02766
Fingernails/Anemic-FN-003 (5).png,Anemic-FN-003,1,IMG_02767
Fingernails/Anemic-FN-003 (6).png,Anemic-FN-003,1,IMG_02768
Fingernails/Anemic-FN-003 (7).png,Anemic-FN-003,1,IMG_02769
Fingernails/Anemic-FN-003 (8).png,Anemic-FN-003,1,IMG_02770
Fingernails/Anemic-FN-003 (9).png,Anemic-FN-003,1,IMG_02771
Fingernails/Anemic-FN-003.png,Anemic-FN-003,1,IMG_02772
Fingernails/Anemic-FN-006 (10).png,Anemic-FN-006,1,IMG_02773
Fingernails/Anemic-FN-006 (11).png,Anemic-FN-006,1,IMG_02774
Fingernails/Anemic-FN-006 (12).png,Anemic-FN-006,1,IMG_02775
Fingernails/Anemic-FN-006 (2).png,Anemic-FN-006,1,IMG_02776
Fingernails/Anemic-FN-006 (3).png,Anemic-FN-006,1,IMG_02777
Fingernails/Anemic-FN-006 (4).png,Anemic-FN-006,1,IMG_02778
Fingernails/Anemic-FN-006 (5).png,Anemic-FN-006,1,IMG_02779
Fingernails/Anemic-FN-006 (6).png,Anemic-FN-006,1,IMG_02780
Fingernails/Anemic-FN-006 (7).png,Anemic-FN-006,1,IMG_02781
Fingernails/Anemic-FN-006 (8).png,Anemic-FN-006,1,IMG_02782
Fingernails/Anemic-FN-006 (9).png,Anemic-FN-006,1,IMG_02783
Fingernails/Anemic-FN-006.png,Anemic-FN-006,1,IMG_02784
Fingernails/Anemic-FN-008 (10).png,Anemic-FN-008,1,IMG_02785
Fingernails/Anemic-FN-008 (11).png,Anemic-FN-008,1,IMG_02786
Fingernails/Anemic-FN-008 (12).png,Anemic-FN-008,1,IMG_02787
Fingernails/Anemic-FN-008 (2).png,Anemic-FN-008,1,IMG_02788
Fingernails/Anemic-FN-008 (3).png,Anemic-FN-008,1,IMG_02789
Fingernails/Anemic-FN-008 (4).png,Anemic-FN-008,1,IMG_02790
Fingernails/Anemic-FN-008 (5).png,Anemic-FN-008,1,IMG_02791
Fingernails/Anemic-FN-008 (6).png,Anemic-FN-008,1,IMG_02792
Fingernails/Anemic-FN-008 (7).png,Anemic-FN-008,1,IMG_02793
Fingernails/Anemic-FN-008 (8).png,Anemic-FN-008,1,IMG_02794
Fingernails/Anemic-FN-008 (9).png,Anemic-FN-008,1,IMG_02795
Fingernails/Anemic-FN-008.png,Anemic-FN-008,1,IMG_02796
Fingernails/Anemic-FN-042 (10).png,Anemic-FN-042,1,IMG_02819
Fingernails/Anemic-FN-042 (11).png,Anemic-FN-042,1,IMG_02820
Fingernails/Anemic-FN-042 (12).png,Anemic-FN-042,1,IMG_02821
Fingernails/Anemic-FN-042 (2).png,Anemic-FN-042,1,IMG_02822
Fingernails/Anemic-FN-042 (3).png,Anemic-FN-042,1,IMG_02823
Fingernails/Anemic-FN-042 (4).png,Anemic-FN-042,1,IMG_02824
Fingernails/Anemic-FN-042 (5).png,Anemic-FN-042,1,IMG_02825
Fingernails/Anemic-FN-042 (6).png,Anemic-FN-042,1,IMG_02826
Fingernails/Anemic-FN-042 (7).png,Anemic-FN-042,1,IMG_02827
Fingernails/Anemic-FN-042 (8).png,Anemic-FN-042,1,IMG_02828
Fingernails/Anemic-FN-042 (9).png,Anemic-FN-042,1,IMG_02829
Fingernails/Anemic-FN-042.png,Anemic-FN-042,1,IMG_02830
Fingernails/Anemic-FN-048 (10).png,Anemic-FN-048,1,IMG_02843
Fingernails/Anemic-FN-048 (11).png,Anemic-FN-048,1,IMG_02844
Fingernails/Anemic-FN-048 (12).png,Anemic-FN-048,1,IMG_02845
Fingernails/Anemic-FN-048 (2).png,Anemic-FN-048,1,IMG_02846
Fingernails/Anemic-FN-048 (3).png,Anemic-FN-048,1,IMG_02847
Fingernails/Anemic-FN-048 (4).png,Anemic-FN-048,1,IMG_02848
Fingernails/Anemic-FN-048 (5).png,Anemic-FN-048,1,IMG_02849
Fingernails/Anemic-FN-048 (6).png,Anemic-FN-048,1,IMG_02850
Fingernails/Anemic-FN-048 (7).png,Anemic-FN-048,1,IMG_02851
Fingernails/Anemic-FN-048 (8).png,Anemic-FN-048,1,IMG_02852
Fingernails/Anemic-FN-048 (9).png,Anemic-FN-048,1,IMG_02853
Fingernails/Anemic-FN-048.png,Anemic-FN-048,1,IMG_02854
Fingernails/Anemic-FN-062 (10).png,Anemic-FN-062,1,IMG_02879
Fingernails/Anemic-FN-062 (11).png,Anemic-FN-062,1,IMG_02880
Fingernails/Anemic-FN-062 (12).png,Anemic-FN-062,1,IMG_02881
Fingernails/Anemic-FN-062 (2).png,Anemic-FN-062,1,IMG_02882
Fingernails/Anemic-FN-062 (3).png,Anemic-FN-062,1,IMG_02883
Fingernails/Anemic-FN-062 (4).png,Anemic-FN-062,1,IMG_02884
Fingernails/Anemic-FN-062 (5).png,Anemic-FN-062,1,IMG_02885
Fingernails/Anemic-FN-062 (6).png,Anemic-FN-062,1,IMG_02886
Fingernails/Anemic-FN-062 (7).png,Anemic-FN-062,1,IMG_02887
Fingernails/Anemic-FN-062 (8).png,Anemic-FN-062,1,IMG_02888
Fingernails/Anemic-FN-062 (9).png,Anemic-FN-062,1,IMG_02889
Fingernails/Anemic-FN-062.png,Anemic-FN-062,1,IMG_02890
Fingernails/Anemic-FN-068 (10).png,Anemic-FN-068,1,IMG_02891
Fingernails/Anemic-FN-068 (11).png,Anemic-FN-068,1,IMG_02892
Fingernails/Anemic-FN-068 (12).png,Anemic-FN-068,1,IMG_02893
Fingernails/Anemic-FN-068 (2).png,Anemic-FN-068,1,IMG_02894
Fingernails/Anemic-FN-068 (3).png,Anemic-FN-068,1,IMG_02895
Fingernails/Anemic-FN-068 (4).png,Anemic-FN-068,1,IMG_02896
Fingernails/Anemic-FN-068 (5).png,Anemic-FN-068,1,IMG_02897
Fingernails/Anemic-FN-068 (6).png,Anemic-FN-068,1,IMG_02898
Fingernails/Anemic-FN-068 (7).png,Anemic-FN-068,1,IMG_02899
Fingernails/Anemic-FN-068 (8).png,Anemic-FN-068,1,IMG_02900
Fingernails/Anemic-FN-068 (9).png,Anemic-FN-068,1,IMG_02901
Fingernails/Anemic-FN-068.png,Anemic-FN-068,1,IMG_02902
Fingernails/Anemic-FN-073 (10).png,Anemic-FN-073,1,IMG_02903
Fingernails/Anemic-FN-073 (11).png,Anemic-FN-073,1,IMG_02904
Fingernails/Anemic-FN-073 (12).png,Anemic-FN-073,1,IMG_02905
Fingernails/Anemic-FN-073 (13).png,Anemic-FN-073,1,IMG_02906
Fingernails/Anemic-FN-073 (14).png,Anemic-FN-073,1,IMG_02907
Fingernails/Anemic-FN-073 (15).png,Anemic-FN-073,1,IMG_02908
Fingernails/Anemic-FN-073 (16).png,Anemic-FN-073,1,IMG_02909
Fingernails/Anemic-FN-073 (17).png,Anemic-FN-073,1,IMG_02910
Fingernails/Anemic-FN-073 (18).png,Anemic-FN-073,1,IMG_02911
Fingernails/Anemic-FN-073 (19).png,Anemic-FN-073,1,IMG_02912
Fingernails/Anemic-FN-073 (2).png,Anemic-FN-073,1,IMG_02913
Fingernails/Anemic-FN-073 (20).png,Anemic-FN-073,1,IMG_02914
Fingernails/Anemic-FN-073 (21).png,Anemic-FN-073,1,IMG_02915
Fingernails/Anemic-FN-073 (22).png,Anemic-FN-073,1,IMG_02916
Fingernails/Anemic-FN-073 (23).png,Anemic-FN-073,1,IMG_02917
Fingernails/Anemic-FN-073 (24).png,Anemic-FN-073,1,IMG_02918
Fingernails/Anemic-FN-073 (25).png,Anemic-FN-073,1,IMG_02919
Fingernails/Anemic-FN-073 (26).png,Anemic-FN-073,1,IMG_02920
Fingernails/Anemic-FN-073 (27).png,Anemic-FN-073,1,IMG_02921
Fingernails/Anemic-FN-073 (28).png,Anemic-FN-073,1,IMG_02922
Fingernails/Anemic-FN-073 (29).png,Anemic-FN-073,1,IMG_02923
Fingernails/Anemic-FN-073 (3).png,Anemic-FN-073,1,IMG_02924
Fingernails/Anemic-FN-073 (30).png,Anemic-FN-073,1,IMG_02925
Fingernails/Anemic-FN-073 (31).png,Anemic-FN-073,1,IMG_02926
Fingernails/Anemic-FN-073 (4).png,Anemic-FN-073,1,IMG_02927
Fingernails/Anemic-FN-073 (5).png,Anemic-FN-073,1,IMG_02928
Fingernails/Anemic-FN-073 (6).png,Anemic-FN-073,1,IMG_02929
Fingernails/Anemic-FN-073 (7).png,Anemic-FN-073,1,IMG_02930
Fingernails/Anemic-FN-073 (8).png,Anemic-FN-073,1,IMG_02931
Fingernails/Anemic-FN-073 (9).png,Anemic-FN-073,1,IMG_02932
Fingernails/Anemic-FN-073.png,Anemic-FN-073,1,IMG_02933
Fingernails/Anemic-FN-075 (10).png,Anemic-FN-075,1,IMG_02934
Fingernails/Anemic-FN-075 (11).png,Anemic-FN-075,1,IMG_02935
Fingernails/Anemic-FN-075 (12).png,Anemic-FN-075,1,IMG_02936
Fingernails/Anemic-FN-075 (2).png,Anemic-FN-075,1,IMG_02937
Fingernails/Anemic-FN-075 (3).png,Anemic-FN-075,1,IMG_02938
Fingernails/Anemic-FN-075 (4).png,Anemic-FN-075,1,IMG_02939
Fingernails/Anemic-FN-075 (5).png,Anemic-FN-075,1,IMG_02940
Fingernails/Anemic-FN-075 (6).png,Anemic-FN-075,1,IMG_02941
Fingernails/Anemic-FN-075 (7).png,Anemic-FN-075,1,IMG_02942
Fingernails/Anemic-FN-075 (8).png,Anemic-FN-075,1,IMG_02943
Fingernails/Anemic-FN-075 (9).png,Anemic-FN-075,1,IMG_02944
Fingernails/Anemic-FN-075.png,Anemic-FN-075,1,IMG_02945
Fingernails/Anemic-FN-086 (10).png,Anemic-FN-086,1,IMG_02946
Fingernails/Anemic-FN-086 (11).png,Anemic-FN-086,1,IMG_02947
Fingernails/Anemic-FN-086 (12).png,Anemic-FN-086,1,IMG_02948
Fingernails/Anemic-FN-086 (2).png,Anemic-FN-086,1,IMG_02949
Fingernails/Anemic-FN-086 (3).png,Anemic-FN-086,1,IMG_02950
Fingernails/Anemic-FN-086 (4).png,Anemic-FN-086,1,IMG_02951
Fingernails/Anemic-FN-086 (5).png,Anemic-FN-086,1,IMG_02952
Fingernails/Anemic-FN-086 (6).png,Anemic-FN-086,1,IMG_02953
Fingernails/Anemic-FN-086 (7).png,Anemic-FN-086,1,IMG_02954
Fingernails/Anemic-FN-086 (8).png,Anemic-FN-086,1,IMG_02955
Fingernails/Anemic-FN-086 (9).png,Anemic-FN-086,1,IMG_02956
Fingernails/Anemic-FN-086.png,Anemic-FN-086,1,IMG_02957
Fingernails/Anemic-FN-092 (2).png,Anemic-FN-092,1,IMG_02964
Fingernails/Anemic-FN-092 (3).png,Anemic-FN-092,1,IMG_02965
Fingernails/Anemic-FN-092 (4).png,Anemic-FN-092,1,IMG_02966
Fingernails/Anemic-FN-092 (5).png,Anemic-FN-092,1,IMG_02967
Fingernails/Anemic-FN-092 (6).png,Anemic-FN-092,1,IMG_02968
Fingernails/Anemic-FN-092.png,Anemic-FN-092,1,IMG_02969
Fingernails/Anemic-FN-095 (2).png,Anemic-FN-095,1,IMG_02976
Fingernails/Anemic-FN-095 (3).png,Anemic-FN-095,1,IMG_02977
Fingernails/Anemic-FN-095 (4).png,Anemic-FN-095,1,IMG_02978
Fingernails/Anemic-FN-095 (5).png,Anemic-FN-095,1,IMG_02979
Fingernails/Anemic-FN-095 (6).png,Anemic-FN-095,1,IMG_02980
Fingernails/Anemic-FN-095.png,Anemic-FN-095,1,IMG_02981
Fingernails/Anemic-FN-097 (2).png,Anemic-FN-097,1,IMG_02982
Fingernails/Anemic-FN-097 (3).png,Anemic-FN-097,1,IMG_02983
Fingernails/Anemic-FN-097 (4).png,Anemic-FN-097,1,IMG_02984
Fingernails/Anemic-FN-097 (5).png,Anemic-FN-097,1,IMG_02985
Fingernails/Anemic-FN-097 (6).png,Anemic-FN-097,1,IMG_02986
Fingernails/Anemic-FN-097.png,Anemic-FN-097,1,IMG_02987
Fingernails/Anemic-FN-110 (2).png,Anemic-FN-110,1,IMG_03000
Fingernails/Anemic-FN-110 (3).png,Anemic-FN-110,1,IMG_03001
Fingernails/Anemic-FN-110 (4).png,Anemic-FN-110,1,IMG_03002
Fingernails/Anemic-FN-110 (5).png,Anemic-FN-110,1,IMG_03003
Fingernails/Anemic-FN-110 (6).png,Anemic-FN-110,1,IMG_03004
Fingernails/Anemic-FN-110.png,Anemic-FN-110,1,IMG_03005
Fingernails/Anemic-FN-114 (2).png,Anemic-FN-114,1,IMG_03006
Fingernails/Anemic-FN-114 (3).png,Anemic-FN-114,1,IMG_03007
Fingernails/Anemic-FN-114 (4).png,Anemic-FN-114,1,IMG_03008
Fingernails/Anemic-FN-114 (5).png,Anemic-FN-114,1,IMG_03009
Fingernails/Anemic-FN-114 (6).png,Anemic-FN-114,1,IMG_03010
Fingernails/Anemic-FN-114.png,Anemic-FN-114,1,IMG_03011
Fingernails/Anemic-FN-116 (2).png,Anemic-FN-116,1,IMG_03012
Fingernails/Anemic-FN-116 (3).png,Anemic-FN-116,1,IMG_03013
Fingernails/Anemic-FN-116 (4).png,Anemic-FN-116,1,IMG_03014
Fingernails/Anemic-FN-116 (5).png,Anemic-FN-116,1,IMG_03015
Fingernails/Anemic-FN-116 (6).png,Anemic-FN-116,1,IMG_03016
Fingernails/Anemic-FN-116.png,Anemic-FN-116,1,IMG_03017
Fingernails/Anemic-FN-130 (2).png,Anemic-FN-130,1,IMG_03024
Fingernails/Anemic-FN-130 (3).png,Anemic-FN-130,1,IMG_03025
Fingernails/Anemic-FN-130 (4).png,Anemic-FN-130,1,IMG_03026
Fingernails/Anemic-FN-130 (5).png,Anemic-FN-130,1,IMG_03027
Fingernails/Anemic-FN-130 (6).png,Anemic-FN-130,1,IMG_03028
Fingernails/Anemic-FN-130.png,Anemic-FN-130,1,IMG_03029
Fingernails/Anemic-FN-143 (2).png,Anemic-FN-143,1,IMG_03036
Fingernails/Anemic-FN-143 (3).png,Anemic-FN-143,1,IMG_03037
Fingernails/Anemic-FN-143 (4).png,Anemic-FN-143,1,IMG_03038
Fingernails/Anemic-FN-143 (5).png,Anemic-FN-143,1,IMG_03039
Fingernails/Anemic-FN-143 (6).png,Anemic-FN-143,1,IMG_03040
Fingernails/Anemic-FN-143.png,Anemic-FN-143,1,IMG_03041
Fingernails/Anemic-FN-146 (2).png,Anemic-FN-146,1,IMG_03042
Fingernails/Anemic-FN-146 (3).png,Anemic-FN-146,1,IMG_03043
Fingernails/Anemic-FN-146 (4).png,Anemic-FN-146,1,IMG_03044
Fingernails/Anemic-FN-146 (5).png,Anemic-FN-146,1,IMG_03045
Fingernails/Anemic-FN-146 (6).png,Anemic-FN-146,1,IMG_03046
Fingernails/Anemic-FN-146.png,Anemic-FN-146,1,IMG_03047
Fingernails/Anemic-FN-147 (2).png,Anemic-FN-147,1,IMG_03048
Fingernails/Anemic-FN-147 (3).png,Anemic-FN-147,1,IMG_03049
Fingernails/Anemic-FN-147 (4).png,Anemic-FN-147,1,IMG_03050
Fingernails/Anemic-FN-147 (5).png,Anemic-FN-147,1,IMG_03051
Fingernails/Anemic-FN-147 (6).png,Anemic-FN-147,1,IMG_03052
Fingernails/Anemic-FN-147.png,Anemic-FN-147,1,IMG_03053
Fingernails/Anemic-FN-161 (2).png,Anemic-FN-161,1,IMG_03054
Fingernails/Anemic-FN-161 (3).png,Anemic-FN-161,1,IMG_03055
Fingernails/Anemic-FN-161 (4).png,Anemic-FN-161,1,IMG_03056
Fingernails/Anemic-FN-161 (5).png,Anemic-FN-161,1,IMG_03057
Fingernails/Anemic-FN-161 (6).png,Anemic-FN-161,1,IMG_03058
Fingernails/Anemic-FN-161.png,Anemic-FN-161,1,IMG_03059
Fingernails/Anemic-FN-202 (2).png,Anemic-FN-202,1,IMG_03060
Fingernails/Anemic-FN-202 (3).png,Anemic-FN-202,1,IMG_03061
Fingernails/Anemic-FN-202 (4).png,Anemic-FN-202,1,IMG_03062
Fingernails/Anemic-FN-202 (5).png,Anemic-FN-202,1,IMG_03063
Fingernails/Anemic-FN-202 (6).png,Anemic-FN-202,1,IMG_03064
Fingernails/Anemic-FN-202.png,Anemic-FN-202,1,IMG_03065
Fingernails/Anemic-FN-223 (2).png,Anemic-FN-223,1,IMG_03078
Fingernails/Anemic-FN-223 (3).png,Anemic-FN-223,1,IMG_03079
Fingernails/Anemic-FN-223 (4).png,Anemic-FN-223,1,IMG_03080
Fingernails/Anemic-FN-223 (5).png,Anemic-FN-223,1,IMG_03081
Fingernails/Anemic-FN-223 (6).png,Anemic-FN-223,1,IMG_03082
Fingernails/Anemic-FN-223.png,Anemic-FN-223,1,IMG_03083
Fingernails/Anemic-FN-224 (2).png,Anemic-FN-224,1,IMG_03084
Fingernails/Anemic-FN-224 (3).png,Anemic-FN-224,1,IMG_03085
Fingernails/Anemic-FN-224 (4).png,Anemic-FN-224,1,IMG_03086
Fingernails/Anemic-FN-224 (5).png,Anemic-FN-224,1,IMG_03087
Fingernails/Anemic-FN-224 (6).png,Anemic-FN-224,1,IMG_03088
Fingernails/Anemic-FN-224.png,Anemic-FN-224,1,IMG_03089
Fingernails/Anemic-FN-230 (2).png,Anemic-FN-230,1,IMG_03090
Fingernails/Anemic-FN-230 (3).png,Anemic-FN-230,1,IMG_03091
Fingernails/Anemic-FN-230 (4).png,Anemic-FN-230,1,IMG_03092
Fingernails/Anemic-FN-230 (5).png,Anemic-FN-230,1,IMG_03093
Fingernails/Anemic-FN-230 (6).png,Anemic-FN-230,1,IMG_03094
Fingernails/Anemic-FN-230.png,Anemic-FN-230,1,IMG_03095
Fingernails/Anemic-FN-235 (2).png,Anemic-FN-235,1,IMG_03096
Fingernails/Anemic-FN-235 (3).png,Anemic-FN-235,1,IMG_03097
Fingernails/Anemic-FN-235 (4).png,Anemic-FN-235,1,IMG_03098
Fingernails/Anemic-FN-235 (5).png,Anemic-FN-235,1,IMG_03099
Fingernails/Anemic-FN-235 (6).png,Anemic-FN-235,1,IMG_03100
Fingernails/Anemic-FN-235.png,Anemic-FN-235,1,IMG_03101
Fingernails/Anemic-FN-240 (2).png,Anemic-FN-240,1,IMG_03108
Fingernails/Anemic-FN-240 (3).png,Anemic-FN-240,1,IMG_03109
Fingernails/Anemic-FN-240 (4).png,Anemic-FN-240,1,IMG_03110
Fingernails/Anemic-FN-240 (5).png,Anemic-FN-240,1,IMG_03111
Fingernails/Anemic-FN-240 (6).png,Anemic-FN-240,1,IMG_03112
Fingernails/Anemic-FN-240.png,Anemic-FN-240,1,IMG_03113
Fingernails/Anemic-FN-243 (2).png,Anemic-FN-243,1,IMG_03114
Fingernails/Anemic-FN-243 (3).png,Anemic-FN-243,1,IMG_03115
Fingernails/Anemic-FN-243 (4).png,Anemic-FN-243,1,IMG_03116
Fingernails/Anemic-FN-243 (5).png,Anemic-FN-243,1,IMG_03117
Fingernails/Anemic-FN-243 (6).png,Anemic-FN-243,1,IMG_03118
Fingernails/Anemic-FN-243.png,Anemic-FN-243,1,IMG_03119
Fingernails/Anemic-FN-247 (2).png,Anemic-FN-247,1,IMG_03126
Fingernails/Anemic-FN-247 (3).png,Anemic-FN-247,1,IMG_03127
Fingernails/Anemic-FN-247 (4).png,Anemic-FN-247,1,IMG_03128
Fingernails/Anemic-FN-247 (5).png,Anemic-FN-247,1,IMG_03129
Fingernails/Anemic-FN-247 (6).png,Anemic-FN-247,1,IMG_03130
Fingernails/Anemic-FN-247.png,Anemic-FN-247,1,IMG_03131
Fingernails/Anemic-FN-259 (2).png,Anemic-FN-259,1,IMG_03132
Fingernails/Anemic-FN-259 (3).png,Anemic-FN-259,1,IMG_03133
Fingernails/Anemic-FN-259 (4).png,Anemic-FN-259,1,IMG_03134
Fingernails/Anemic-FN-259 (5).png,Anemic-FN-259,1,IMG_03135
Fingernails/Anemic-FN-259 (6).png,Anemic-FN-259,1,IMG_03136
Fingernails/Anemic-FN-259.png,Anemic-FN-259,1,IMG_03137
Fingernails/Anemic-FN-262 (2).png,Anemic-FN-262,1,IMG_03138
Fingernails/Anemic-FN-262 (3).png,Anemic-FN-262,1,IMG_03139
Fingernails/Anemic-FN-262 (4).png,Anemic-FN-262,1,IMG_03140
Fingernails/Anemic-FN-262 (5).png,Anemic-FN-262,1,IMG_03141
Fingernails/Anemic-FN-262 (6).png,Anemic-FN-262,1,IMG_03142
Fingernails/Anemic-FN-262.png,Anemic-FN-262,1,IMG_03143
Fingernails/Anmeic-fn-0001.png,Anmeic-fn-0001,1,IMG_03144
Fingernails/Anmeic-fn-001 1.png,Anmeic-fn-001 1,1,IMG_03145
Fingernails/Anmeic-fn-001.png,Anmeic-fn-001,1,IMG_03146
Fingernails/Anmeic-fn-0012 2 (2).png,Anmeic-fn-0012 2,1,IMG_03147
Fingernails/Anmeic-fn-0012 2.png,Anmeic-fn-0012 2,1,IMG_03148
Fingernails/Anmeic-fn-0021 1 5.png,Anmeic-fn-0021 1 5,1,IMG_03149
Fingernails/Non-anemic-Fin-002 4.png,Non-anemic-Fin-002 4,1,IMG_03153
Fingernails/Non-Anrmic-FN-007 (2).png,Non-Anrmic-FN-007,0,IMG_03154
Fingernails/Non-Anrmic-FN-007 (3).png,Non-Anrmic-FN-007,0,IMG_03155
Fingernails/Non-Anrmic-FN-007 (4).png,Non-Anrmic-FN-007,0,IMG_03156
Fingernails/Non-Anrmic-FN-007 (5).png,Non-Anrmic-FN-007,0,IMG_03157
Fingernails/Non-Anrmic-FN-007 (6).png,Non-Anrmic-FN-007,0,IMG_03158
Fingernails/Non-Anrmic-FN-007.png,Non-Anrmic-FN-007,0,IMG_03159
Fingernails/Non-Anrmic-FN-043 (2).png,Non-Anrmic-FN-043,0,IMG_03178
Fingernails/Non-Anrmic-FN-043 (3).png,Non-Anrmic-FN-043,0,IMG_03179
Fingernails/Non-Anrmic-FN-043 (4).png,Non-Anrmic-FN-043,0,IMG_03180
Fingernails/Non-Anrmic-FN-043 (5).png,Non-Anrmic-FN-043,0,IMG_03181
Fingernails/Non-Anrmic-FN-043 (6).png,Non-Anrmic-FN-043,0,IMG_03182
Fingernails/Non-Anrmic-FN-043.png,Non-Anrmic-FN-043,0,IMG_03183
Fingernails/Non-Anrmic-FN-046 (2).png,Non-Anrmic-FN-046,0,IMG_03184
Fingernails/Non-Anrmic-FN-046 (3).png,Non-Anrmic-FN-046,0,IMG_03185
Fingernails/Non-Anrmic-FN-046 (4).png,Non-Anrmic-FN-046,0,IMG_03186
Fingernails/Non-Anrmic-FN-046 (5).png,Non-Anrmic-FN-046,0,IMG_03187
Fingernails/Non-Anrmic-FN-046 (6).png,Non-Anrmic-FN-046,0,IMG_03188
Fingernails/Non-Anrmic-FN-046.png,Non-Anrmic-FN-046,0,IMG_03189
Fingernails/Non-Anrmic-FN-048 (2).png,Non-Anrmic-FN-048,0,IMG_03190
Fingernails/Non-Anrmic-FN-048 (3).png,Non-Anrmic-FN-048,0,IMG_03191
Fingernails/Non-Anrmic-FN-048 (4).png,Non-Anrmic-FN-048,0,IMG_03192
Fingernails/Non-Anrmic-FN-048 (5).png,Non-Anrmic-FN-048,0,IMG_03193
Fingernails/Non-Anrmic-FN-048 (6).png,Non-Anrmic-FN-048,0,IMG_03194
Fingernails/Non-Anrmic-FN-048.png,Non-Anrmic-FN-048,0,IMG_03195
Fingernails/Non-Anrmic-FN-050 (2).png,Non-Anrmic-FN-050,0,IMG_03196
Fingernails/Non-Anrmic-FN-050 (3).png,Non-Anrmic-FN-050,0,IMG_03197
Fingernails/Non-Anrmic-FN-050 (4).png,Non-Anrmic-FN-050,0,IMG_03198
Fingernails/Non-Anrmic-FN-050 (5).png,Non-Anrmic-FN-050,0,IMG_03199
Fingernails/Non-Anrmic-FN-050 (6).png,Non-Anrmic-FN-050,0,IMG_03200
Fingernails/Non-Anrmic-FN-050.png,Non-Anrmic-FN-050,0,IMG_03201
Fingernails/Non-Anrmic-FN-064 (2).png,Non-Anrmic-FN-064,0,IMG_03202
Fingernails/Non-Anrmic-FN-064 (3).png,Non-Anrmic-FN-064,0,IMG_03203
Fingernails/Non-Anrmic-FN-064 (4).png,Non-Anrmic-FN-064,0,IMG_03204
Fingernails/Non-Anrmic-FN-064 (5).png,Non-Anrmic-FN-064,0,IMG_03205
Fingernails/Non-Anrmic-FN-064 (6).png,Non-Anrmic-FN-064,0,IMG_03206
Fingernails/Non-Anrmic-FN-064.png,Non-Anrmic-FN-064,0,IMG_03207
Fingernails/Non-Anrmic-FN-081 (2).png,Non-Anrmic-FN-081,0,IMG_03208
Fingernails/Non-Anrmic-FN-081 (3).png,Non-Anrmic-FN-081,0,IMG_03209
Fingernails/Non-Anrmic-FN-081 (4).png,Non-Anrmic-FN-081,0,IMG_03210
Fingernails/Non-Anrmic-FN-081 (5).png,Non-Anrmic-FN-081,0,IMG_03211
Fingernails/Non-Anrmic-FN-081 (6).png,Non-Anrmic-FN-081,0,IMG_03212
Fingernails/Non-Anrmic-FN-081.png,Non-Anrmic-FN-081,0,IMG_03213
Fingernails/Non-Anrmic-FN-108 (2).png,Non-Anrmic-FN-108,0,IMG_03226
Fingernails/Non-Anrmic-FN-108 (3).png,Non-Anrmic-FN-108,0,IMG_03227
Fingernails/Non-Anrmic-FN-108 (4).png,Non-Anrmic-FN-108,0,IMG_03228
Fingernails/Non-Anrmic-FN-108 (5).png,Non-Anrmic-FN-108,0,IMG_03229
Fingernails/Non-Anrmic-FN-108 (6).png,Non-Anrmic-FN-108,0,IMG_03230
Fingernails/Non-Anrmic-FN-108.png,Non-Anrmic-FN-108,0,IMG_03231
Fingernails/Non-Anrmic-FN-114 (2).png,Non-Anrmic-FN-114,0,IMG_03238
Fingernails/Non-Anrmic-FN-114 (3).png,Non-Anrmic-FN-114,0,IMG_03239
Fingernails/Non-Anrmic-FN-114 (4).png,Non-Anrmic-FN-114,0,IMG_03240
Fingernails/Non-Anrmic-FN-114 (5).png,Non-Anrmic-FN-114,0,IMG_03241
Fingernails/Non-Anrmic-FN-114 (6).png,Non-Anrmic-FN-114,0,IMG_03242
Fingernails/Non-Anrmic-FN-114.png,Non-Anrmic-FN-114,0,IMG_03243
Fingernails/Non-Anrmic-FN-121 (2).png,Non-Anrmic-FN-121,0,IMG_03244
Fingernails/Non-Anrmic-FN-121 (3).png,Non-Anrmic-FN-121,0,IMG_03245
Fingernails/Non-Anrmic-FN-121 (4).png,Non-Anrmic-FN-121,0,IMG_03246
Fingernails/Non-Anrmic-FN-121 (5).png,Non-Anrmic-FN-121,0,IMG_03247
Fingernails/Non-Anrmic-FN-121 (6).png,Non-Anrmic-FN-121,0,IMG_03248
Fingernails/Non-Anrmic-FN-121.png,Non-Anrmic-FN-121,0,IMG_03249
Fingernails/Non-Anrmic-FN-123 (2).png,Non-Anrmic-FN-123,0,IMG_03250
Fingernails/Non-Anrmic-FN-123 (3).png,Non-Anrmic-FN-123,0,IMG_03251
Fingernails/Non-Anrmic-FN-123 (4).png,Non-Anrmic-FN-123,0,IMG_03252
Fingernails/Non-Anrmic-FN-123 (5).png,Non-Anrmic-FN-123,0,IMG_03253
Fingernails/Non-Anrmic-FN-123 (6).png,Non-Anrmic-FN-123,0,IMG_03254
Fingernails/Non-Anrmic-FN-123.png,Non-Anrmic-FN-123,0,IMG_03255
Fingernails/Non-Anrmic-FN-126 (2).png,Non-Anrmic-FN-126,0,IMG_03262
Fingernails/Non-Anrmic-FN-126 (3).png,Non-Anrmic-FN-126,0,IMG_03263
Fingernails/Non-Anrmic-FN-126 (4).png,Non-Anrmic-FN-126,0,IMG_03264
Fingernails/Non-Anrmic-FN-126 (5).png,Non-Anrmic-FN-126,0,IMG_03265
Fingernails/Non-Anrmic-FN-126 (6).png,Non-Anrmic-FN-126,0,IMG_03266
Fingernails/Non-Anrmic-FN-126.png,Non-Anrmic-FN-126,0,IMG_03267
Fingernails/Non-Anrmic-FN-140 (2).png,Non-Anrmic-FN-140,0,IMG_03274
Fingernails/Non-Anrmic-FN-140 (3).png,Non-Anrmic-FN-140,0,IMG_03275
Fingernails/Non-Anrmic-FN-140 (4).png,Non-Anrmic-FN-140,0,IMG_03276
Fingernails/Non-Anrmic-FN-140 (5).png,Non-Anrmic-FN-140,0,IMG_03277
Fingernails/Non-Anrmic-FN-140 (6).png,Non-Anrmic-FN-140,0,IMG_03278
Fingernails/Non-Anrmic-FN-140.png,Non-Anrmic-FN-140,0,IMG_03279
Fingernails/Non-Anrmic-FN-141 (2).png,Non-Anrmic-FN-141,0,IMG_03280
Fingernails/Non-Anrmic-FN-141 (3).png,Non-Anrmic-FN-141,0,IMG_03281
Fingernails/Non-Anrmic-FN-141 (4).png,Non-Anrmic-FN-141,0,IMG_03282
Fingernails/Non-Anrmic-FN-141 (5).png,Non-Anrmic-FN-141,0,IMG_03283
Fingernails/Non-Anrmic-FN-141 (6).png,Non-Anrmic-FN-141,0,IMG_03284
Fingernails/Non-Anrmic-FN-141.png,Non-Anrmic-FN-141,0,IMG_03285
Fingernails/Non-Anrmic-FN-151 (10).png,Non-Anrmic-FN-151,0,IMG_03286
Fingernails/Non-Anrmic-FN-151 (11).png,Non-Anrmic-FN-151,0,IMG_03287
Fingernails/Non-Anrmic-FN-151 (12).png,Non-Anrmic-FN-151,0,IMG_03288
Fingernails/Non-Anrmic-FN-151 (2).png,Non-Anrmic-FN-151,0,IMG_03289
Fingernails/Non-Anrmic-FN-151 (3).png,Non-Anrmic-FN-151,0,IMG_03290
Fingernails/Non-Anrmic-FN-151 (4).png,Non-Anrmic-FN-151,0,IMG_03291
Fingernails/Non-Anrmic-FN-151 (5).png,Non-Anrmic-FN-151,0,IMG_03292
Fingernails/Non-Anrmic-FN-151 (6).png,Non-Anrmic-FN-151,0,IMG_03293
Fingernails/Non-Anrmic-FN-151 (7).png,Non-Anrmic-FN-151,0,IMG_03294
Fingernails/Non-Anrmic-FN-151 (8).png,Non-Anrmic-FN-151,0,IMG_03295
Fingernails/Non-Anrmic-FN-151 (9).png,Non-Anrmic-FN-151,0,IMG_03296
Fingernails/Non-Anrmic-FN-151.png,Non-Anrmic-FN-151,0,IMG_03297
Fingernails/Non-Anrmic-FN-156 (10).png,Non-Anrmic-FN-156,0,IMG_03310
Fingernails/Non-Anrmic-FN-156 (11).png,Non-Anrmic-FN-156,0,IMG_03311
Fingernails/Non-Anrmic-FN-156 (12).png,Non-Anrmic-FN-156,0,IMG_03312
Fingernails/Non-Anrmic-FN-156 (2).png,Non-Anrmic-FN-156,0,IMG_03313
Fingernails/Non-Anrmic-FN-156 (3).png,Non-Anrmic-FN-156,0,IMG_03314
Fingernails/Non-Anrmic-FN-156 (4).png,Non-Anrmic-FN-156,0,IMG_03315
Fingernails/Non-Anrmic-FN-156 (5).png,Non-Anrmic-FN-156,0,IMG_03316
Fingernails/Non-Anrmic-FN-156 (6).png,Non-Anrmic-FN-156,0,IMG_03317
Fingernails/Non-Anrmic-FN-156 (7).png,Non-Anrmic-FN-156,0,IMG_03318
Fingernails/Non-Anrmic-FN-156 (8).png,Non-Anrmic-FN-156,0,IMG_03319
Fingernails/Non-Anrmic-FN-156 (9).png,Non-Anrmic-FN-156,0,IMG_03320
Fingernails/Non-Anrmic-FN-156.png,Non-Anrmic-FN-156,0,IMG_03321
Fingernails/Non-Anrmic-FN-157 (10).png,Non-Anrmic-FN-157,0,IMG_03322
Fingernails/Non-Anrmic-FN-157 (11).png,Non-Anrmic-FN-157,0,IMG_03323
Fingernails/Non-Anrmic-FN-157 (12).png,Non-Anrmic-FN-157,0,IMG_03324
Fingernails/Non-Anrmic-FN-157 (2).png,Non-Anrmic-FN-157,0,IMG_03325
Fingernails/Non-Anrmic-FN-157 (3).png,Non-Anrmic-FN-157,0,IMG_03326
Fingernails/Non-Anrmic-FN-157 (4).png,Non-Anrmic-FN-157,0,IMG_03327
Fingernails/Non-Anrmic-FN-157 (5).png,Non-Anrmic-FN-157,0,IMG_03328
Fingernails/Non-Anrmic-FN-157 (6).png,Non-Anrmic-FN-157,0,IMG_03329
Fingernails/Non-Anrmic-FN-157 (7).png,Non-Anrmic-FN-157,0,IMG_03330
Fingernails/Non-Anrmic-FN-157 (8).png,Non-Anrmic-FN-157,0,IMG_03331
Fingernails/Non-Anrmic-FN-157 (9).png,Non-Anrmic-FN-157,0,IMG_03332
Fingernails/Non-Anrmic-FN-157.png,Non-Anrmic-FN-157,0,IMG_03333
Fingernails/Non-Anrmic-FN-166 (10).png,Non-Anrmic-FN-166,0,IMG_03334
Fingernails/Non-Anrmic-FN-166 (11).png,Non-Anrmic-FN-166,0,IMG_03335
Fingernails/Non-Anrmic-FN-166 (12).png,Non-Anrmic-FN-166,0,IMG_03336
Fingernails/Non-Anrmic-FN-166 (2).png,Non-Anrmic-FN-166,0,IMG_03337
Fingernails/Non-Anrmic-FN-166 (3).png,Non-Anrmic-FN-166,0,IMG_03338
Fingernails/Non-Anrmic-FN-166 (4).png,Non-Anrmic-FN-166,0,IMG_03339
Fingernails/Non-Anrmic-FN-166 (5).png,Non-Anrmic-FN-166,0,IMG_03340
Fingernails/Non-Anrmic-FN-166 (6).png,Non-Anrmic-FN-166,0,IMG_03341
Fingernails/Non-Anrmic-FN-166 (7).png,Non-Anrmic-FN-166,0,IMG_03342
Fingernails/Non-Anrmic-FN-166 (8).png,Non-Anrmic-FN-166,0,IMG_03343
Fingernails/Non-Anrmic-FN-166 (9).png,Non-Anrmic-FN-166,0,IMG_03344
Fingernails/Non-Anrmic-FN-166.png,Non-Anrmic-FN-166,0,IMG_03345
Fingernails/Non-Anrmic-FN-174 (10).png,Non-Anrmic-FN-174,0,IMG_03346
Fingernails/Non-Anrmic-FN-174 (11).png,Non-Anrmic-FN-174,0,IMG_03347
Fingernails/Non-Anrmic-FN-174 (12).png,Non-Anrmic-FN-174,0,IMG_03348
Fingernails/Non-Anrmic-FN-174 (2).png,Non-Anrmic-FN-174,0,IMG_03349
Fingernails/Non-Anrmic-FN-174 (3).png,Non-Anrmic-FN-174,0,IMG_03350
Fingernails/Non-Anrmic-FN-174 (4).png,Non-Anrmic-FN-174,0,IMG_03351
Fingernails/Non-Anrmic-FN-174 (5).png,Non-Anrmic-FN-174,0,IMG_03352
Fingernails/Non-Anrmic-FN-174 (6).png,Non-Anrmic-FN-174,0,IMG_03353
Fingernails/Non-Anrmic-FN-174 (7).png,Non-Anrmic-FN-174,0,IMG_03354
Fingernails/Non-Anrmic-FN-174 (8).png,Non-Anrmic-FN-174,0,IMG_03355
Fingernails/Non-Anrmic-FN-174 (9).png,Non-Anrmic-FN-174,0,IMG_03356
Fingernails/Non-Anrmic-FN-174.png,Non-Anrmic-FN-174,0,IMG_03357
Fingernails/Non-Anrmic-FN-184 (10).png,Non-Anrmic-FN-184,0,IMG_03358
Fingernails/Non-Anrmic-FN-184 (11).png,Non-Anrmic-FN-184,0,IMG_03359
Fingernails/Non-Anrmic-FN-184 (12).png,Non-Anrmic-FN-184,0,IMG_03360
Fingernails/Non-Anrmic-FN-184 (2).png,Non-Anrmic-FN-184,0,IMG_03361
Fingernails/Non-Anrmic-FN-184 (3).png,Non-Anrmic-FN-184,0,IMG_03362
Fingernails/Non-Anrmic-FN-184 (4).png,Non-Anrmic-FN-184,0,IMG_03363
Fingernails/Non-Anrmic-FN-184 (5).png,Non-Anrmic-FN-184,0,IMG_03364
Fingernails/Non-Anrmic-FN-184 (6).png,Non-Anrmic-FN-184,0,IMG_03365
Fingernails/Non-Anrmic-FN-184 (7).png,Non-Anrmic-FN-184,0,IMG_03366
Fingernails/Non-Anrmic-FN-184 (8).png,Non-Anrmic-FN-184,0,IMG_03367
Fingernails/Non-Anrmic-FN-184 (9).png,Non-Anrmic-FN-184,0,IMG_03368
Fingernails/Non-Anrmic-FN-184.png,Non-Anrmic-FN-184,0,IMG_03369
Fingernails/Non-Anrmic-FN-189 (10).png,Non-Anrmic-FN-189,0,IMG_03382
Fingernails/Non-Anrmic-FN-189 (11).png,Non-Anrmic-FN-189,0,IMG_03383
Fingernails/Non-Anrmic-FN-189 (12).png,Non-Anrmic-FN-189,0,IMG_03384
Fingernails/Non-Anrmic-FN-189 (2).png,Non-Anrmic-FN-189,0,IMG_03385
Fingernails/Non-Anrmic-FN-189 (3).png,Non-Anrmic-FN-189,0,IMG_03386
Fingernails/Non-Anrmic-FN-189 (4).png,Non-Anrmic-FN-189,0,IMG_03387
Fingernails/Non-Anrmic-FN-189 (5).png,Non-Anrmic-FN-189,0,IMG_03388
Fingernails/Non-Anrmic-FN-189 (6).png,Non-Anrmic-FN-189,0,IMG_03389
Fingernails/Non-Anrmic-FN-189 (7).png,Non-Anrmic-FN-189,0,IMG_03390
Fingernails/Non-Anrmic-FN-189 (8).png,Non-Anrmic-FN-189,0,IMG_03391
Fingernails/Non-Anrmic-FN-189 (9).png,Non-Anrmic-FN-189,0,IMG_03392
Fingernails/Non-Anrmic-FN-189.png,Non-Anrmic-FN-189,0,IMG_03393
Fingernails/Anemic-Fin-013 (10).png,Anemic-Fin-013,1,IMG_03406
Fingernails/Anemic-Fin-013 (11).png,Anemic-Fin-013,1,IMG_03407
Fingernails/Anemic-Fin-013 (12).png,Anemic-Fin-013,1,IMG_03408
Fingernails/Anemic-Fin-013 (2).png,Anemic-Fin-013,1,IMG_03409
Fingernails/Anemic-Fin-013 (3).png,Anemic-Fin-013,1,IMG_03410
Fingernails/Anemic-Fin-013 (4).png,Anemic-Fin-013,1,IMG_03411
Fingernails/Anemic-Fin-013 (5).png,Anemic-Fin-013,1,IMG_03412
Fingernails/Anemic-Fin-013 (6).png,Anemic-Fin-013,1,IMG_03413
Fingernails/Anemic-Fin-013 (7).png,Anemic-Fin-013,1,IMG_03414
Fingernails/Anemic-Fin-013 (8).png,Anemic-Fin-013,1,IMG_03415
Fingernails/Anemic-Fin-013 (9).png,Anemic-Fin-013,1,IMG_03416
Fingernails/Anemic-Fin-013.png,Anemic-Fin-013,1,IMG_03417
Fingernails/Anemic-FN-011 (10).png,Anemic-FN-011,1,IMG_03430
Fingernails/Anemic-FN-011 (11).png,Anemic-FN-011,1,IMG_03431
Fingernails/Anemic-FN-011 (12).png,Anemic-FN-011,1,IMG_03432
Fingernails/Anemic-FN-011 (13).png,Anemic-FN-011,1,IMG_03433
Fingernails/Anemic-FN-011 (14).png,Anemic-FN-011,1,IMG_03434
Fingernails/Anemic-FN-011 (15).png,Anemic-FN-011,1,IMG_03435
Fingernails/Anemic-FN-011 (16).png,Anemic-FN-011,1,IMG_03436
Fingernails/Anemic-FN-011 (17).png,Anemic-FN-011,1,IMG_03437
Fingernails/Anemic-FN-011 (2).png,Anemic-FN-011,1,IMG_03438
Fingernails/Anemic-FN-011 (3).png,Anemic-FN-011,1,IMG_03439
Fingernails/Anemic-FN-011 (4).png,Anemic-FN-011,1,IMG_03440
Fingernails/Anemic-FN-011 (5).png,Anemic-FN-011,1,IMG_03441
Fingernails/Anemic-FN-011 (6).png,Anemic-FN-011,1,IMG_03442
Fingernails/Anemic-FN-011 (7).png,Anemic-FN-011,1,IMG_03443
Fingernails/Anemic-FN-011 (8).png,Anemic-FN-011,1,IMG_03444
Fingernails/Anemic-FN-011 (9).png,Anemic-FN-011,1,IMG_03445
Fingernails/Anemic-FN-011.png,Anemic-FN-011,1,IMG_03446
Fingernails/Anemic-FN-011FV (10).png,Anemic-FN-011,1,IMG_03447
Fingernails/Anemic-FN-011FV (11).png,Anemic-FN-011,1,IMG_03448
Fingernails/Anemic-FN-011FV (12).png,Anemic-FN-011,1,IMG_03449
Fingernails/Anemic-FN-011FV (13).png,Anemic-FN-011,1,IMG_03450
Fingernails/Anemic-FN-011FV (14).png,Anemic-FN-011,1,IMG_03451
Fingernails/Anemic-FN-011FV (15).png,Anemic-FN-011,1,IMG_03452
Fingernails/Anemic-FN-011FV (16).png,Anemic-FN-011,1,IMG_03453
Fingernails/Anemic-FN-011FV (17).png,Anemic-FN-011,1,IMG_03454
Fingernails/Anemic-FN-011FV (2).png,Anemic-FN-011,1,IMG_03455
Fingernails/Anemic-FN-011FV (3).png,Anemic-FN-011,1,IMG_03456
Fingernails/Anemic-FN-011FV (4).png,Anemic-FN-011,1,IMG_03457
Fingernails/Anemic-FN-011FV (5).png,Anemic-FN-011,1,IMG_03458
Fingernails/Anemic-FN-011FV (6).png,Anemic-FN-011,1,IMG_03459
Fingernails/Anemic-FN-011FV (7).png,Anemic-FN-011,1,IMG_03460
Fingernails/Anemic-FN-011FV (8).png,Anemic-FN-011,1,IMG_03461
Fingernails/Anemic-FN-011FV (9).png,Anemic-FN-011,1,IMG_03462
Fingernails/Anemic-FN-011FV.png,Anemic-FN-011,1,IMG_03463
Fingernails/Anemic-FN-011RA (10).png,Anemic-FN-011,1,IMG_03464
Fingernails/Anemic-FN-011RA (11).png,Anemic-FN-011,1,IMG_03465
Fingernails/Anemic-FN-011RA (12).png,Anemic-FN-011,1,IMG_03466
Fingernails/Anemic-FN-011RA (13).png,Anemic-FN-011,1,IMG_03467
Fingernails/Anemic-FN-011RA (14).png,Anemic-FN-011,1,IMG_03468
Fingernails/Anemic-FN-011RA (15).png,Anemic-FN-011,1,IMG_03469
Fingernails/Anemic-FN-011RA (16).png,Anemic-FN-011,1,IMG_03470
Fingernails/Anemic-FN-011RA (17).png,Anemic-FN-011,1,IMG_03471
Fingernails/Anemic-FN-011RA (2).png,Anemic-FN-011,1,IMG_03472
Fingernails/Anemic-FN-011RA (3).png,Anemic-FN-011,1,IMG_03473
Fingernails/Anemic-FN-011RA (4).png,Anemic-FN-011,1,IMG_03474
Fingernails/Anemic-FN-011RA (5).png,Anemic-FN-011,1,IMG_03475
Fingernails/Anemic-FN-011RA (6).png,Anemic-FN-011,1,IMG_03476
Fingernails/Anemic-FN-011RA (7).png,Anemic-FN-011,1,IMG_03477
Fingernails/Anemic-FN-011RA (8).png,Anemic-FN-011,1,IMG_03478
Fingernails/Anemic-FN-011RA (9).png,Anemic-FN-011,1,IMG_03479
Fingernails/Anemic-FN-011RA.png,Anemic-FN-011,1,IMG_03480
Fingernails/Anemic-FN-017 (10).png,Anemic-FN-017,1,IMG_03481
Fingernails/Anemic-FN-017 (11).png,Anemic-FN-017,1,IMG_03482
Fingernails/Anemic-FN-017 (12).png,Anemic-FN-017,1,IMG_03483
Fingernails/Anemic-FN-017 (2).png,Anemic-FN-017,1,IMG_03484
Fingernails/Anemic-FN-017 (3).png,Anemic-FN-017,1,IMG_03485
Fingernails/Anemic-FN-017 (4).png,Anemic-FN-017,1,IMG_03486
Fingernails/Anemic-FN-017 (5).png,Anemic-FN-017,1,IMG_03487
Fingernails/Anemic-FN-017 (6).png,Anemic-FN-017,1,IMG_03488
Fingernails/Anemic-FN-017 (7).png,Anemic-FN-017,1,IMG_03489
Fingernails/Anemic-FN-017 (8).png,Anemic-FN-017,1,IMG_03490
Fingernails/Anemic-FN-017 (9).png,Anemic-FN-017,1,IMG_03491
Fingernails/Anemic-FN-017.png,Anemic-FN-017,1,IMG_03492
Fingernails/Anemic-FN-025 (10).png,Anemic-FN-025,1,IMG_03505
Fingernails/Anemic-FN-025 (11).png,Anemic-FN-025,1,IMG_03506
Fingernails/Anemic-FN-025 (12).png,Anemic-FN-025,1,IMG_03507
Fingernails/Anemic-FN-025 (2).png,Anemic-FN-025,1,IMG_03508
Fingernails/Anemic-FN-025 (3).png,Anemic-FN-025,1,IMG_03509
Fingernails/Anemic-FN-025 (4).png,Anemic-FN-025,1,IMG_03510
Fingernails/Anemic-FN-025 (5).png,Anemic-FN-025,1,IMG_03511
Fingernails/Anemic-FN-025 (6).png,Anemic-FN-025,1,IMG_03512
Fingernails/Anemic-FN-025 (7).png,Anemic-FN-025,1,IMG_03513
Fingernails/Anemic-FN-025 (8).png,Anemic-FN-025,1,IMG_03514
Fingernails/Anemic-FN-025 (9).png,Anemic-FN-025,1,IMG_03515
Fingernails/Anemic-FN-025.png,Anemic-FN-025,1,IMG_03516
Fingernails/Anemic-FN-032 (10).png,Anemic-FN-032,1,IMG_03517
Fingernails/Anemic-FN-032 (11).png,Anemic-FN-032,1,IMG_03518
Fingernails/Anemic-FN-032 (12).png,Anemic-FN-032,1,IMG_03519
Fingernails/Anemic-FN-032 (2).png,Anemic-FN-032,1,IMG_03520
Fingernails/Anemic-FN-032 (3).png,Anemic-FN-032,1,IMG_03521
Fingernails/Anemic-FN-032 (4).png,Anemic-FN-032,1,IMG_03522
Fingernails/Anemic-FN-032 (5).png,Anemic-FN-032,1,IMG_03523
Fingernails/Anemic-FN-032 (6).png,Anemic-FN-032,1,IMG_03524
Fingernails/Anemic-FN-032 (7).png,Anemic-FN-032,1,IMG_03525
Fingernails/Anemic-FN-032 (8).png,Anemic-FN-032,1,IMG_03526
Fingernails/Anemic-FN-032 (9).png,Anemic-FN-032,1,IMG_03527
Fingernails/Anemic-FN-032.png,Anemic-FN-032,1,IMG_03528
Fingernails/Anemic-FN-044 (10).png,Anemic-FN-044,1,IMG_03541
Fingernails/Anemic-FN-044 (11).png,Anemic-FN-044,1,IMG_03542
Fingernails/Anemic-FN-044 (12).png,Anemic-FN-044,1,IMG_03543
Fingernails/Anemic-FN-044 (2).png,Anemic-FN-044,1,IMG_03544
Fingernails/Anemic-FN-044 (3).png,Anemic-FN-044,1,IMG_03545
Fingernails/Anemic-FN-044 (4).png,Anemic-FN-044,1,IMG_03546
Fingernails/Anemic-FN-044 (5).png,Anemic-FN-044,1,IMG_03547
Fingernails/Anemic-FN-044 (6).png,Anemic-FN-044,1,IMG_03548
Fingernails/Anemic-FN-044 (7).png,Anemic-FN-044,1,IMG_03549
Fingernails/Anemic-FN-044 (8).png,Anemic-FN-044,1,IMG_03550
Fingernails/Anemic-FN-044 (9).png,Anemic-FN-044,1,IMG_03551
Fingernails/Anemic-FN-044.png,Anemic-FN-044,1,IMG_03552
Fingernails/Anemic-FN-045 (10).png,Anemic-FN-045,1,IMG_03553
Fingernails/Anemic-FN-045 (11).png,Anemic-FN-045,1,IMG_03554
Fingernails/Anemic-FN-045 (12).png,Anemic-FN-045,1,IMG_03555
Fingernails/Anemic-FN-045 (2).png,Anemic-FN-045,1,IMG_03556
Fingernails/Anemic-FN-045 (3).png,Anemic-FN-045,1,IMG_03557
Fingernails/Anemic-FN-045 (4).png,Anemic-FN-045,1,IMG_03558
Fingernails/Anemic-FN-045 (5).png,Anemic-FN-045,1,IMG_03559
Fingernails/Anemic-FN-045 (6).png,Anemic-FN-045,1,IMG_03560
Fingernails/Anemic-FN-045 (7).png,Anemic-FN-045,1,IMG_03561
Fingernails/Anemic-FN-045 (8).png,Anemic-FN-045,1,IMG_03562
Fingernails/Anemic-FN-045 (9).png,Anemic-FN-045,1,IMG_03563
Fingernails/Anemic-FN-045.png,Anemic-FN-045,1,IMG_03564
Fingernails/Anemic-FN-059 (10).png,Anemic-FN-059,1,IMG_03600
Fingernails/Anemic-FN-059 (11).png,Anemic-FN-059,1,IMG_03601
Fingernails/Anemic-FN-059 (12).png,Anemic-FN-059,1,IMG_03602
Fingernails/Anemic-FN-059 (2).png,Anemic-FN-059,1,IMG_03603
Fingernails/Anemic-FN-059 (3).png,Anemic-FN-059,1,IMG_03604
Fingernails/Anemic-FN-059 (4).png,Anemic-FN-059,1,IMG_03605
Fingernails/Anemic-FN-059 (5).png,Anemic-FN-059,1,IMG_03606
Fingernails/Anemic-FN-059 (6).png,Anemic-FN-059,1,IMG_03607
Fingernails/Anemic-FN-059 (7).png,Anemic-FN-059,1,IMG_03608
Fingernails/Anemic-FN-059 (8).png,Anemic-FN-059,1,IMG_03609
Fingernails/Anemic-FN-059 (9).png,Anemic-FN-059,1,IMG_03610
Fingernails/Anemic-FN-059.png,Anemic-FN-059,1,IMG_03611
Fingernails/Anemic-FN-066 (10).png,Anemic-FN-066,1,IMG_03612
Fingernails/Anemic-FN-066 (11).png,Anemic-FN-066,1,IMG_03613
Fingernails/Anemic-FN-066 (12).png,Anemic-FN-066,1,IMG_03614
Fingernails/Anemic-FN-066 (2).png,Anemic-FN-066,1,IMG_03615
Fingernails/Anemic-FN-066 (3).png,Anemic-FN-066,1,IMG_03616
Fingernails/Anemic-FN-066 (4).png,Anemic-FN-066,1,IMG_03617
Fingernails/Anemic-FN-066 (5).png,Anemic-FN-066,1,IMG_03618
Fingernails/Anemic-FN-066 (6).png,Anemic-FN-066,1,IMG_03619
Fingernails/Anemic-FN-066 (7).png,Anemic-FN-066,1,IMG_03620
Fingernails/Anemic-FN-066 (8).png,Anemic-FN-066,1,IMG_03621
Fingernails/Anemic-FN-066 (9).png,Anemic-FN-066,1,IMG_03622
Fingernails/Anemic-FN-066.png,Anemic-FN-066,1,IMG_03623
Fingernails/Anemic-FN-069 (10).png,Anemic-FN-069,1,IMG_03636
Fingernails/Anemic-FN-069 (11).png,Anemic-FN-069,1,IMG_03637
Fingernails/Anemic-FN-069 (12).png,Anemic-FN-069,1,IMG_03638
Fingernails/Anemic-FN-069 (2).png,Anemic-FN-069,1,IMG_03639
Fingernails/Anemic-FN-069 (3).png,Anemic-FN-069,1,IMG_03640
Fingernails/Anemic-FN-069 (4).png,Anemic-FN-069,1,IMG_03641
Fingernails/Anemic-FN-069 (5).png,Anemic-FN-069,1,IMG_03642
Fingernails/Anemic-FN-069 (6).png,Anemic-FN-069,1,IMG_03643
Fingernails/Anemic-FN-069 (7).png,Anemic-FN-069,1,IMG_03644
Fingernails/Anemic-FN-069 (8).png,Anemic-FN-069,1,IMG_03645
Fingernails/Anemic-FN-069 (9).png,Anemic-FN-069,1,IMG_03646
Fingernails/Anemic-FN-069.png,Anemic-FN-069,1,IMG_03647
Fingernails/Anemic-FN-070 (10).png,Anemic-FN-070,1,IMG_03648
Fingernails/Anemic-FN-070 (11).png,Anemic-FN-070,1,IMG_03649
Fingernails/Anemic-FN-070 (12).png,Anemic-FN-070,1,IMG_03650
Fingernails/Anemic-FN-070 (2).png,Anemic-FN-070,1,IMG_03651
Fingernails/Anemic-FN-070 (3).png,Anemic-FN-070,1,IMG_03652
Fingernails/Anemic-FN-070 (4).png,Anemic-FN-070,1,IMG_03653
Fingernails/Anemic-FN-070 (5).png,Anemic-FN-070,1,IMG_03654
Fingernails/Anemic-FN-070 (6).png,Anemic-FN-070,1,IMG_03655
Fingernails/Anemic-FN-070 (7).png,Anemic-FN-070,1,IMG_03656
Fingernails/Anemic-FN-070 (8).png,Anemic-FN-070,1,IMG_03657
Fingernails/Anemic-FN-070 (9).png,Anemic-FN-070,1,IMG_03658
Fingernails/Anemic-FN-070.png,Anemic-FN-070,1,IMG_03659
Fingernails/Anemic-FN-077 (10).png,Anemic-FN-077,1,IMG_03660
Fingernails/Anemic-FN-077 (11).png,Anemic-FN-077,1,IMG_03661
Fingernails/Anemic-FN-077 (12).png,Anemic-FN-077,1,IMG_03662
Fingernails/Anemic-FN-077 (2).png,Anemic-FN-077,1,IMG_03663
Fingernails/Anemic-FN-077 (3).png,Anemic-FN-077,1,IMG_03664
Fingernails/Anemic-FN-077 (4).png,Anemic-FN-077,1,IMG_03665
Fingernails/Anemic-FN-077 (5).png,Anemic-FN-077,1,IMG_03666
Fingernails/Anemic-FN-077 (6).png,Anemic-FN-077,1,IMG_03667
Fingernails/Anemic-FN-077 (7).png,Anemic-FN-077,1,IMG_03668
Fingernails/Anemic-FN-077 (8).png,Anemic-FN-077,1,IMG_03669
Fingernails/Anemic-FN-077 (9).png,Anemic-FN-077,1,IMG_03670
Fingernails/Anemic-FN-077.png,Anemic-FN-077,1,IMG_03671
Fingernails/Anemic-FN-085 (10).png,Anemic-FN-085,1,IMG_03672
Fingernails/Anemic-FN-085 (11).png,Anemic-FN-085,1,IMG_03673
Fingernails/Anemic-FN-085 (12).png,Anemic-FN-085,1,IMG_03674
Fingernails/Anemic-FN-085 (2).png,Anemic-FN-085,1,IMG_03675
Fingernails/Anemic-FN-085 (3).png,Anemic-FN-085,1,IMG_03676
Fingernails/Anemic-FN-085 (4).png,Anemic-FN-085,1,IMG_03677
Fingernails/Anemic-FN-085 (5).png,Anemic-FN-085,1,IMG_03678
Fingernails/Anemic-FN-085 (6).png,Anemic-FN-085,1,IMG_03679
Fingernails/Anemic-FN-085 (7).png,Anemic-FN-085,1,IMG_03680
Fingernails/Anemic-FN-085 (8).png,Anemic-FN-085,1,IMG_03681
Fingernails/Anemic-FN-085 (9).png,Anemic-FN-085,1,IMG_03682
Fingernails/Anemic-FN-085.png,Anemic-FN-085,1,IMG_03683
Fingernails/Anemic-FN-088 (10).png,Anemic-FN-088,1,IMG_03684
Fingernails/Anemic-FN-088 (11).png,Anemic-FN-088,1,IMG_03685
Fingernails/Anemic-FN-088 (12).png,Anemic-FN-088,1,IMG_03686
Fingernails/Anemic-FN-088 (2).png,Anemic-FN-088,1,IMG_03687
Fingernails/Anemic-FN-088 (3).png,Anemic-FN-088,1,IMG_03688
Fingernails/Anemic-FN-088 (4).png,Anemic-FN-088,1,IMG_03689
Fingernails/Anemic-FN-088 (5).png,Anemic-FN-088,1,IMG_03690
Fingernails/Anemic-FN-088 (6).png,Anemic-FN-088,1,IMG_03691
Fingernails/Anemic-FN-088 (7).png,Anemic-FN-088,1,IMG_03692
Fingernails/Anemic-FN-088 (8).png,Anemic-FN-088,1,IMG_03693
Fingernails/Anemic-FN-088 (9).png,Anemic-FN-088,1,IMG_03694
Fingernails/Anemic-FN-088.png,Anemic-FN-088,1,IMG_03695
Fingernails/Anemic-FN-096 (2).png,Anemic-FN-096,1,IMG_03702
Fingernails/Anemic-FN-096 (3).png,Anemic-FN-096,1,IMG_03703
Fingernails/Anemic-FN-096 (4).png,Anemic-FN-096,1,IMG_03704
Fingernails/Anemic-FN-096 (5).png,Anemic-FN-096,1,IMG_03705
Fingernails/Anemic-FN-096 (6).png,Anemic-FN-096,1,IMG_03706
Fingernails/Anemic-FN-096.png,Anemic-FN-096,1,IMG_03707
Fingernails/Anemic-FN-104 (2).png,Anemic-FN-104,1,IMG_03708
Fingernails/Anemic-FN-104 (3).png,Anemic-FN-104,1,IMG_03709
Fingernails/Anemic-FN-104 (4).png,Anemic-FN-104,1,IMG_03710
Fingernails/Anemic-FN-104 (5).png,Anemic-FN-104,1,IMG_03711
Fingernails/Anemic-FN-104 (6).png,Anemic-FN-104,1,IMG_03712
Fingernails/Anemic-FN-104.png,Anemic-FN-104,1,IMG_03713
Fingernails/Anemic-FN-111 (2).png,Anemic-FN-111,1,IMG_03714
Fingernails/Anemic-FN-111 (3).png,Anemic-FN-111,1,IMG_03715
Fingernails/Anemic-FN-111 (4).png,Anemic-FN-111,1,IMG_03716
Fingernails/Anemic-FN-111 (5).png,Anemic-FN-111,1,IMG_03717
Fingernails/Anemic-FN-111 (6).png,Anemic-FN-111,1,IMG_03718
Fingernails/Anemic-FN-111.png,Anemic-FN-111,1,IMG_03719
Fingernails/Anemic-FN-113 (2).png,Anemic-FN-113,1,IMG_03720
Fingernails/Anemic-FN-113 (3).png,Anemic-FN-113,1,IMG_03721
Fingernails/Anemic-FN-113 (4).png,Anemic-FN-113,1,IMG_03722
Fingernails/Anemic-FN-113 (5).png,Anemic-FN-113,1,IMG_03723
Fingernails/Anemic-FN-113 (6).png,Anemic-FN-113,1,IMG_03724
Fingernails/Anemic-FN-113.png,Anemic-FN-113,1,IMG_03725
Fingernails/Anemic-FN-115 (2).png,Anemic-FN-115,1,IMG_03726
Fingernails/Anemic-FN-115 (3).png,Anemic-FN-115,1,IMG_03727
Fingernails/Anemic-FN-115 (4).png,Anemic-FN-115,1,IMG_03728
Fingernails/Anemic-FN-115 (5).png,Anemic-FN-115,1,IMG_03729
Fingernails/Anemic-FN-115 (6).png,Anemic-FN-115,1,IMG_03730
Fingernails/Anemic-FN-115.png,Anemic-FN-115,1,IMG_03731
Fingernails/Anemic-FN-120 (2).png,Anemic-FN-120,1,IMG_03732
Fingernails/Anemic-FN-120 (3).png,Anemic-FN-120,1,IMG_03733
Fingernails/Anemic-FN-120 (4).png,Anemic-FN-120,1,IMG_03734
Fingernails/Anemic-FN-120 (5).png,Anemic-FN-120,1,IMG_03735
Fingernails/Anemic-FN-120 (6).png,Anemic-FN-120,1,IMG_03736
Fingernails/Anemic-FN-120.png,Anemic-FN-120,1,IMG_03737
Fingernails/Anemic-FN-136 (2).png,Anemic-FN-136,1,IMG_03738
Fingernails/Anemic-FN-136 (3).png,Anemic-FN-136,1,IMG_03739
Fingernails/Anemic-FN-136 (4).png,Anemic-FN-136,1,IMG_03740
Fingernails/Anemic-FN-136 (5).png,Anemic-FN-136,1,IMG_03741
Fingernails/Anemic-FN-136 (6).png,Anemic-FN-136,1,IMG_03742
Fingernails/Anemic-FN-136.png,Anemic-FN-136,1,IMG_03743
Fingernails/Anemic-FN-140 (2).png,Anemic-FN-140,1,IMG_03744
Fingernails/Anemic-FN-140 (3).png,Anemic-FN-140,1,IMG_03745
Fingernails/Anemic-FN-140 (4).png,Anemic-FN-140,1,IMG_03746
Fingernails/Anemic-FN-140 (5).png,Anemic-FN-140,1,IMG_03747
Fingernails/Anemic-FN-140 (6).png,Anemic-FN-140,1,IMG_03748
Fingernails/Anemic-FN-140.png,Anemic-FN-140,1,IMG_03749
Fingernails/Anemic-FN-145 (2).png,Anemic-FN-145,1,IMG_03750
Fingernails/Anemic-FN-145 (3).png,Anemic-FN-145,1,IMG_03751
Fingernails/Anemic-FN-145 (4).png,Anemic-FN-145,1,IMG_03752
Fingernails/Anemic-FN-145 (5).png,Anemic-FN-145,1,IMG_03753
Fingernails/Anemic-FN-145 (6).png,Anemic-FN-145,1,IMG_03754
Fingernails/Anemic-FN-145.png,Anemic-FN-145,1,IMG_03755
Fingernails/Anemic-FN-149 (2).png,Anemic-FN-149,1,IMG_03756
Fingernails/Anemic-FN-149 (3).png,Anemic-FN-149,1,IMG_03757
Fingernails/Anemic-FN-149 (4).png,Anemic-FN-149,1,IMG_03758
Fingernails/Anemic-FN-149 (5).png,Anemic-FN-149,1,IMG_03759
Fingernails/Anemic-FN-149 (6).png,Anemic-FN-149,1,IMG_03760
Fingernails/Anemic-FN-149.png,Anemic-FN-149,1,IMG_03761
Fingernails/Anemic-FN-155 (2).png,Anemic-FN-155,1,IMG_03762
Fingernails/Anemic-FN-155 (3).png,Anemic-FN-155,1,IMG_03763
Fingernails/Anemic-FN-155 (4).png,Anemic-FN-155,1,IMG_03764
Fingernails/Anemic-FN-155 (5).png,Anemic-FN-155,1,IMG_03765
Fingernails/Anemic-FN-155 (6).png,Anemic-FN-155,1,IMG_03766
Fingernails/Anemic-FN-155.png,Anemic-FN-155,1,IMG_03767
Fingernails/Anemic-FN-157 (2).png,Anemic-FN-157,1,IMG_03768
Fingernails/Anemic-FN-157 (3).png,Anemic-FN-157,1,IMG_03769
Fingernails/Anemic-FN-157 (4).png,Anemic-FN-157,1,IMG_03770
Fingernails/Anemic-FN-157 (5).png,Anemic-FN-157,1,IMG_03771
Fingernails/Anemic-FN-157 (6).png,Anemic-FN-157,1,IMG_03772
Fingernails/Anemic-FN-157.png,Anemic-FN-157,1,IMG_03773
Fingernails/Anemic-FN-179 (2).png,Anemic-FN-179,1,IMG_03798
Fingernails/Anemic-FN-179 (3).png,Anemic-FN-179,1,IMG_03799
Fingernails/Anemic-FN-179 (4).png,Anemic-FN-179,1,IMG_03800
Fingernails/Anemic-FN-179 (5).png,Anemic-FN-179,1,IMG_03801
Fingernails/Anemic-FN-179 (6).png,Anemic-FN-179,1,IMG_03802
Fingernails/Anemic-FN-179.png,Anemic-FN-179,1,IMG_03803
Fingernails/Anemic-FN-181 (2).png,Anemic-FN-181,1,IMG_03804
Fingernails/Anemic-FN-181 (3).png,Anemic-FN-181,1,IMG_03805
Fingernails/Anemic-FN-181 (4).png,Anemic-FN-181,1,IMG_03806
Fingernails/Anemic-FN-181 (5).png,Anemic-FN-181,1,IMG_03807
Fingernails/Anemic-FN-181 (6).png,Anemic-FN-181,1,IMG_03808
Fingernails/Anemic-FN-181.png,Anemic-FN-181,1,IMG_03809
Fingernails/Anemic-FN-188 (2).png,Anemic-FN-188,1,IMG_03810
Fingernails/Anemic-FN-188 (3).png,Anemic-FN-188,1,IMG_03811
Fingernails/Anemic-FN-188 (4).png,Anemic-FN-188,1,IMG_03812
Fingernails/Anemic-FN-188 (5).png,Anemic-FN-188,1,IMG_03813
Fingernails/Anemic-FN-188 (6).png,Anemic-FN-188,1,IMG_03814
Fingernails/Anemic-FN-188.png,Anemic-FN-188,1,IMG_03815
Fingernails/Anemic-FN-197 (2).png,Anemic-FN-197,1,IMG_03816
Fingernails/Anemic-FN-197 (3).png,Anemic-FN-197,1,IMG_03817
Fingernails/Anemic-FN-197 (4).png,Anemic-FN-197,1,IMG_03818
Fingernails/Anemic-FN-197 (5).png,Anemic-FN-197,1,IMG_03819
Fingernails/Anemic-FN-197 (6).png,Anemic-FN-197,1,IMG_03820
Fingernails/Anemic-FN-197.png,Anemic-FN-197,1,IMG_03821
Fingernails/Anemic-FN-200 (2).png,Anemic-FN-200,1,IMG_03822
Fingernails/Anemic-FN-200 (3).png,Anemic-FN-200,1,IMG_03823
Fingernails/Anemic-FN-200 (4).png,Anemic-FN-200,1,IMG_03824
Fingernails/Anemic-FN-200 (5).png,Anemic-FN-200,1,IMG_03825
Fingernails/Anemic-FN-200 (6).png,Anemic-FN-200,1,IMG_03826
Fingernails/Anemic-FN-200.png,Anemic-FN-200,1,IMG_03827
Fingernails/Anemic-FN-206 (2).png,Anemic-FN-206,1,IMG_03834
Fingernails/Anemic-FN-206 (3).png,Anemic-FN-206,1,IMG_03835
Fingernails/Anemic-FN-206 (4).png,Anemic-FN-206,1,IMG_03836
Fingernails/Anemic-FN-206 (5).png,Anemic-FN-206,1,IMG_03837
Fingernails/Anemic-FN-206 (6).png,Anemic-FN-206,1,IMG_03838
Fingernails/Anemic-FN-206.png,Anemic-FN-206,1,IMG_03839
Fingernails/Anemic-FN-211 (2).png,Anemic-FN-211,1,IMG_03840
Fingernails/Anemic-FN-211 (3).png,Anemic-FN-211,1,IMG_03841
Fingernails/Anemic-FN-211 (4).png,Anemic-FN-211,1,IMG_03842
Fingernails/Anemic-FN-211 (5).png,Anemic-FN-211,1,IMG_03843
Fingernails/Anemic-FN-211 (6).png,Anemic-FN-211,1,IMG_03844
Fingernails/Anemic-FN-211.png,Anemic-FN-211,1,IMG_03845
Fingernails/Anemic-FN-227 (2).png,Anemic-FN-227,1,IMG_03852
Fingernails/Anemic-FN-227 (3).png,Anemic-FN-227,1,IMG_03853
Fingernails/Anemic-FN-227 (4).png,Anemic-FN-227,1,IMG_03854
Fingernails/Anemic-FN-227 (5).png,Anemic-FN-227,1,IMG_03855
Fingernails/Anemic-FN-227 (6).png,Anemic-FN-227,1,IMG_03856
Fingernails/Anemic-FN-227.png,Anemic-FN-227,1,IMG_03857
Fingernails/Anemic-FN-241 (2).png,Anemic-FN-241,1,IMG_03864
Fingernails/Anemic-FN-241 (3).png,Anemic-FN-241,1,IMG_03865
Fingernails/Anemic-FN-241 (4).png,Anemic-FN-241,1,IMG_03866
Fingernails/Anemic-FN-241 (5).png,Anemic-FN-241,1,IMG_03867
Fingernails/Anemic-FN-241 (6).png,Anemic-FN-241,1,IMG_03868
Fingernails/Anemic-FN-241.png,Anemic-FN-241,1,IMG_03869
Fingernails/Anemic-FN-242 (2).png,Anemic-FN-242,1,IMG_03870
Fingernails/Anemic-FN-242 (3).png,Anemic-FN-242,1,IMG_03871
Fingernails/Anemic-FN-242 (4).png,Anemic-FN-242,1,IMG_03872
Fingernails/Anemic-FN-242 (5).png,Anemic-FN-242,1,IMG_03873
Fingernails/Anemic-FN-242 (6).png,Anemic-FN-242,1,IMG_03874
Fingernails/Anemic-FN-242.png,Anemic-FN-242,1,IMG_03875
Fingernails/Anemic-FN-250 (2).png,Anemic-FN-250,1,IMG_03876
Fingernails/Anemic-FN-250 (3).png,Anemic-FN-250,1,IMG_03877
Fingernails/Anemic-FN-250 (4).png,Anemic-FN-250,1,IMG_03878
Fingernails/Anemic-FN-250 (5).png,Anemic-FN-250,1,IMG_03879
Fingernails/Anemic-FN-250 (6).png,Anemic-FN-250,1,IMG_03880
Fingernails/Anemic-FN-250.png,Anemic-FN-250,1,IMG_03881
Fingernails/Anemic-FN-266 (2).png,Anemic-FN-266,1,IMG_03888
Fingernails/Anemic-FN-266 (3).png,Anemic-FN-266,1,IMG_03889
Fingernails/Anemic-FN-266 (4).png,Anemic-FN-266,1,IMG_03890
Fingernails/Anemic-FN-266 (5).png,Anemic-FN-266,1,IMG_03891
Fingernails/Anemic-FN-266 (6).png,Anemic-FN-266,1,IMG_03892
Fingernails/Anemic-FN-266.png,Anemic-FN-266,1,IMG_03893
Fingernails/Anmeic-fn-0023.png,Anmeic-fn-0023,1,IMG_03901
Fingernails/Anmeic-fn-003 1.png,Anmeic-fn-003 1,1,IMG_03902
Fingernails/Anmeic-fn-004 1 5.png,Anmeic-fn-004 1 5,1,IMG_03904
Fingernails/Anmeic-fn-004 1.png,Anmeic-fn-004 1,1,IMG_03905
Fingernails/Anmeic-fn-007 2.png,Anmeic-fn-007 2,1,IMG_03906
Fingernails/Non-anemic-Fin-002 (2).png,Non-anemic-Fin-002,1,IMG_03907
Fingernails/Non-anemic-Fin-002 (3).png,Non-anemic-Fin-002,1,IMG_03908
Fingernails/Non-anemic-Fin-002 (4).png,Non-anemic-Fin-002,1,IMG_03909
Fingernails/Non-anemic-Fin-002 (5).png,Non-anemic-Fin-002,1,IMG_03910
Fingernails/Non-anemic-Fin-002.png,Non-anemic-Fin-002,1,IMG_03911
Fingernails/Non-anemic-Fin-004 (2).png,Non-anemic-Fin-004,1,IMG_03912
Fingernails/Non-anemic-Fin-004 (3).png,Non-anemic-Fin-004,1,IMG_03913
Fingernails/Non-anemic-Fin-004 (4).png,Non-anemic-Fin-004,1,IMG_03914
Fingernails/Non-anemic-Fin-004 (5).png,Non-anemic-Fin-004,1,IMG_03915
Fingernails/Non-anemic-Fin-004 (6).png,Non-anemic-Fin-004,1,IMG_03916
Fingernails/Non-anemic-Fin-004.png,Non-anemic-Fin-004,1,IMG_03917
Fingernails/Non-anemic-Fin-007 (2).png,Non-anemic-Fin-007,1,IMG_03918
Fingernails/Non-anemic-Fin-007 (3).png,Non-anemic-Fin-007,1,IMG_03919
Fingernails/Non-anemic-Fin-007 (4).png,Non-anemic-Fin-007,1,IMG_03920
Fingernails/Non-anemic-Fin-007 (5).png,Non-anemic-Fin-007,1,IMG_03921
Fingernails/Non-anemic-Fin-007 (6).png,Non-anemic-Fin-007,1,IMG_03922
Fingernails/Non-anemic-Fin-007.png,Non-anemic-Fin-007,1,IMG_03923
Fingernails/Non-anemic-Fin-008 (2).png,Non-anemic-Fin-008,1,IMG_03924
Fingernails/Non-anemic-Fin-008 (3).png,Non-anemic-Fin-008,1,IMG_03925
Fingernails/Non-anemic-Fin-008 (4).png,Non-anemic-Fin-008,1,IMG_03926
Fingernails/Non-anemic-Fin-008 (5).png,Non-anemic-Fin-008,1,IMG_03927
Fingernails/Non-anemic-Fin-008 (6).png,Non-anemic-Fin-008,1,IMG_03928
Fingernails/Non-anemic-Fin-008.png,Non-anemic-Fin-008,1,IMG_03929
Fingernails/Non-anemic-Fin-009 (2).png,Non-anemic-Fin-009,1,IMG_03930
Fingernails/Non-anemic-Fin-009 (3).png,Non-anemic-Fin-009,1,IMG_03931
Fingernails/Non-anemic-Fin-009 (4).png,Non-anemic-Fin-009,1,IMG_03932
Fingernails/Non-anemic-Fin-009 (5).png,Non-anemic-Fin-009,1,IMG_03933
Fingernails/Non-anemic-Fin-009 (6).png,Non-anemic-Fin-009,1,IMG_03934
Fingernails/Non-anemic-Fin-009.png,Non-anemic-Fin-009,1,IMG_03935
Fingernails/Non-Anrmic-FN-003 (2).png,Non-Anrmic-FN-003,0,IMG_03942
Fingernails/Non-Anrmic-FN-003 (3).png,Non-Anrmic-FN-003,0,IMG_03943
Fingernails/Non-Anrmic-FN-003 (4).png,Non-Anrmic-FN-003,0,IMG_03944
Fingernails/Non-Anrmic-FN-003 (5).png,Non-Anrmic-FN-003,0,IMG_03945
Fingernails/Non-Anrmic-FN-003 (6).png,Non-Anrmic-FN-003,0,IMG_03946
Fingernails/Non-Anrmic-FN-003.png,Non-Anrmic-FN-003,0,IMG_03947
Fingernails/Non-Anrmic-FN-006 (2).png,Non-Anrmic-FN-006,0,IMG_03948
Fingernails/Non-Anrmic-FN-006 (3).png,Non-Anrmic-FN-006,0,IMG_03949
Fingernails/Non-Anrmic-FN-006 (4).png,Non-Anrmic-FN-006,0,IMG_03950
Fingernails/Non-Anrmic-FN-006 (5).png,Non-Anrmic-FN-006,0,IMG_03951
Fingernails/Non-Anrmic-FN-006 (6).png,Non-Anrmic-FN-006,0,IMG_03952
Fingernails/Non-Anrmic-FN-006.png,Non-Anrmic-FN-006,0,IMG_03953
Fingernails/Non-Anrmic-FN-010 (2).png,Non-Anrmic-FN-010,0,IMG_03954
Fingernails/Non-Anrmic-FN-010 (3).png,Non-Anrmic-FN-010,0,IMG_03955
Fingernails/Non-Anrmic-FN-010 (4).png,Non-Anrmic-FN-010,0,IMG_03956
Fingernails/Non-Anrmic-FN-010 (5).png,Non-Anrmic-FN-010,0,IMG_03957
Fingernails/Non-Anrmic-FN-010 (6).png,Non-Anrmic-FN-010,0,IMG_03958
Fingernails/Non-Anrmic-FN-010.png,Non-Anrmic-FN-010,0,IMG_03959
Fingernails/Non-Anrmic-FN-021 (2).png,Non-Anrmic-FN-021,0,IMG_03966
Fingernails/Non-Anrmic-FN-021 (3).png,Non-Anrmic-FN-021,0,IMG_03967
Fingernails/Non-Anrmic-FN-021 (4).png,Non-Anrmic-FN-021,0,IMG_03968
Fingernails/Non-Anrmic-FN-021 (5).png,Non-Anrmic-FN-021,0,IMG_03969
Fingernails/Non-Anrmic-FN-021 (6).png,Non-Anrmic-FN-021,0,IMG_03970
Fingernails/Non-Anrmic-FN-021.png,Non-Anrmic-FN-021,0,IMG_03971
Fingernails/Non-Anrmic-FN-030 (2).png,Non-Anrmic-FN-030,0,IMG_03972
Fingernails/Non-Anrmic-FN-030 (3).png,Non-Anrmic-FN-030,0,IMG_03973
Fingernails/Non-Anrmic-FN-030 (4).png,Non-Anrmic-FN-030,0,IMG_03974
Fingernails/Non-Anrmic-FN-030 (5).png,Non-Anrmic-FN-030,0,IMG_03975
Fingernails/Non-Anrmic-FN-030 (6).png,Non-Anrmic-FN-030,0,IMG_03976
Fingernails/Non-Anrmic-FN-030.png,Non-Anrmic-FN-030,0,IMG_03977
Fingernails/Non-Anrmic-FN-032 (2).png,Non-Anrmic-FN-032,0,IMG_03978
Fingernails/Non-Anrmic-FN-032 (3).png,Non-Anrmic-FN-032,0,IMG_03979
Fingernails/Non-Anrmic-FN-032 (4).png,Non-Anrmic-FN-032,0,IMG_03980
Fingernails/Non-Anrmic-FN-032 (5).png,Non-Anrmic-FN-032,0,IMG_03981
Fingernails/Non-Anrmic-FN-032 (6).png,Non-Anrmic-FN-032,0,IMG_03982
Fingernails/Non-Anrmic-FN-032.png,Non-Anrmic-FN-032,0,IMG_03983
Fingernails/Non-Anrmic-FN-034 (2).png,Non-Anrmic-FN-034,0,IMG_03984
Fingernails/Non-Anrmic-FN-034 (3).png,Non-Anrmic-FN-034,0,IMG_03985
Fingernails/Non-Anrmic-FN-034 (4).png,Non-Anrmic-FN-034,0,IMG_03986
Fingernails/Non-Anrmic-FN-034 (5).png,Non-Anrmic-FN-034,0,IMG_03987
Fingernails/Non-Anrmic-FN-034 (6).png,Non-Anrmic-FN-034,0,IMG_03988
Fingernails/Non-Anrmic-FN-034.png,Non-Anrmic-FN-034,0,IMG_03989
Fingernails/Non-Anrmic-FN-035 (2).png,Non-Anrmic-FN-035,0,IMG_03990
Fingernails/Non-Anrmic-FN-035 (3).png,Non-Anrmic-FN-035,0,IMG_03991
Fingernails/Non-Anrmic-FN-035 (4).png,Non-Anrmic-FN-035,0,IMG_03992
Fingernails/Non-Anrmic-FN-035 (5).png,Non-Anrmic-FN-035,0,IMG_03993
Fingernails/Non-Anrmic-FN-035 (6).png,Non-Anrmic-FN-035,0,IMG_03994
Fingernails/Non-Anrmic-FN-035.png,Non-Anrmic-FN-035,0,IMG_03995
Fingernails/Non-Anrmic-FN-041 (2).png,Non-Anrmic-FN-041,0,IMG_03996
Fingernails/Non-Anrmic-FN-041 (3).png,Non-Anrmic-FN-041,0,IMG_03997
Fingernails/Non-Anrmic-FN-041 (4).png,Non-Anrmic-FN-041,0,IMG_03998
Fingernails/Non-Anrmic-FN-041 (5).png,Non-Anrmic-FN-041,0,IMG_03999
Fingernails/Non-Anrmic-FN-041 (6).png,Non-Anrmic-FN-041,0,IMG_04000
Fingernails/Non-Anrmic-FN-041.png,Non-Anrmic-FN-041,0,IMG_04001
Fingernails/Non-Anrmic-FN-044 (2).png,Non-Anrmic-FN-044,0,IMG_04002
Fingernails/Non-Anrmic-FN-044 (3).png,Non-Anrmic-FN-044,0,IMG_04003
Fingernails/Non-Anrmic-FN-044 (4).png,Non-Anrmic-FN-044,0,IMG_04004
Fingernails/Non-Anrmic-FN-044 (5).png,Non-Anrmic-FN-044,0,IMG_04005
Fingernails/Non-Anrmic-FN-044 (6).png,Non-Anrmic-FN-044,0,IMG_04006
Fingernails/Non-Anrmic-FN-044.png,Non-Anrmic-FN-044,0,IMG_04007
Fingernails/Non-Anrmic-FN-068 (2).png,Non-Anrmic-FN-068,0,IMG_04020
Fingernails/Non-Anrmic-FN-068 (3).png,Non-Anrmic-FN-068,0,IMG_04021
Fingernails/Non-Anrmic-FN-068 (4).png,Non-Anrmic-FN-068,0,IMG_04022
Fingernails/Non-Anrmic-FN-068 (5).png,Non-Anrmic-FN-068,0,IMG_04023
Fingernails/Non-Anrmic-FN-068 (6).png,Non-Anrmic-FN-068,0,IMG_04024
Fingernails/Non-Anrmic-FN-068.png,Non-Anrmic-FN-068,0,IMG_04025
Fingernails/Non-Anrmic-FN-070 (2).png,Non-Anrmic-FN-070,0,IMG_04026
Fingernails/Non-Anrmic-FN-070 (3).png,Non-Anrmic-FN-070,0,IMG_04027
Fingernails/Non-Anrmic-FN-070 (4).png,Non-Anrmic-FN-070,0,IMG_04028
Fingernails/Non-Anrmic-FN-070 (5).png,Non-Anrmic-FN-070,0,IMG_04029
Fingernails/Non-Anrmic-FN-070 (6).png,Non-Anrmic-FN-070,0,IMG_04030
Fingernails/Non-Anrmic-FN-070.png,Non-Anrmic-FN-070,0,IMG_04031
Fingernails/Non-Anrmic-FN-071 (2).png,Non-Anrmic-FN-071,0,IMG_04032
Fingernails/Non-Anrmic-FN-071 (3).png,Non-Anrmic-FN-071,0,IMG_04033
Fingernails/Non-Anrmic-FN-071 (4).png,Non-Anrmic-FN-071,0,IMG_04034
Fingernails/Non-Anrmic-FN-071 (5).png,Non-Anrmic-FN-071,0,IMG_04035
Fingernails/Non-Anrmic-FN-071 (6).png,Non-Anrmic-FN-071,0,IMG_04036
Fingernails/Non-Anrmic-FN-071.png,Non-Anrmic-FN-071,0,IMG_04037
Fingernails/Non-Anrmic-FN-076 (2).png,Non-Anrmic-FN-076,0,IMG_04038
Fingernails/Non-Anrmic-FN-076 (3).png,Non-Anrmic-FN-076,0,IMG_04039
Fingernails/Non-Anrmic-FN-076 (4).png,Non-Anrmic-FN-076,0,IMG_04040
Fingernails/Non-Anrmic-FN-076 (5).png,Non-Anrmic-FN-076,0,IMG_04041
Fingernails/Non-Anrmic-FN-076 (6).png,Non-Anrmic-FN-076,0,IMG_04042
Fingernails/Non-Anrmic-FN-076.png,Non-Anrmic-FN-076,0,IMG_04043
Fingernails/Non-Anrmic-FN-084 (2).png,Non-Anrmic-FN-084,0,IMG_04044
Fingernails/Non-Anrmic-FN-084 (3).png,Non-Anrmic-FN-084,0,IMG_04045
Fingernails/Non-Anrmic-FN-084 (4).png,Non-Anrmic-FN-084,0,IMG_04046
Fingernails/Non-Anrmic-FN-084 (5).png,Non-Anrmic-FN-084,0,IMG_04047
Fingernails/Non-Anrmic-FN-084 (6).png,Non-Anrmic-FN-084,0,IMG_04048
Fingernails/Non-Anrmic-FN-084.png,Non-Anrmic-FN-084,0,IMG_04049
Fingernails/Non-Anrmic-FN-087 (2).png,Non-Anrmic-FN-087,0,IMG_04050
Fingernails/Non-Anrmic-FN-087 (3).png,Non-Anrmic-FN-087,0,IMG_04051
Fingernails/Non-Anrmic-FN-087 (4).png,Non-Anrmic-FN-087,0,IMG_04052
Fingernails/Non-Anrmic-FN-087 (5).png,Non-Anrmic-FN-087,0,IMG_04053
Fingernails/Non-Anrmic-FN-087 (6).png,Non-Anrmic-FN-087,0,IMG_04054
Fingernails/Non-Anrmic-FN-087.png,Non-Anrmic-FN-087,0,IMG_04055
Fingernails/Non-Anrmic-FN-088 (2).png,Non-Anrmic-FN-088,0,IMG_04056
Fingernails/Non-Anrmic-FN-088 (3).png,Non-Anrmic-FN-088,0,IMG_04057
Fingernails/Non-Anrmic-FN-088 (4).png,Non-Anrmic-FN-088,0,IMG_04058
Fingernails/Non-Anrmic-FN-088 (5).png,Non-Anrmic-FN-088,0,IMG_04059
Fingernails/Non-Anrmic-FN-088 (6).png,Non-Anrmic-FN-088,0,IMG_04060
Fingernails/Non-Anrmic-FN-088.png,Non-Anrmic-FN-088,0,IMG_04061
Fingernails/Non-Anrmic-FN-103 (2).png,Non-Anrmic-FN-103,0,IMG_04062
Fingernails/Non-Anrmic-FN-103 (3).png,Non-Anrmic-FN-103,0,IMG_04063
Fingernails/Non-Anrmic-FN-103 (4).png,Non-Anrmic-FN-103,0,IMG_04064
Fingernails/Non-Anrmic-FN-103 (5).png,Non-Anrmic-FN-103,0,IMG_04065
Fingernails/Non-Anrmic-FN-103 (6).png,Non-Anrmic-FN-103,0,IMG_04066
Fingernails/Non-Anrmic-FN-103.png,Non-Anrmic-FN-103,0,IMG_04067
Fingernails/Non-Anrmic-FN-111 (2).png,Non-Anrmic-FN-111,0,IMG_04080
Fingernails/Non-Anrmic-FN-111 (3).png,Non-Anrmic-FN-111,0,IMG_04081
Fingernails/Non-Anrmic-FN-111 (4).png,Non-Anrmic-FN-111,0,IMG_04082
Fingernails/Non-Anrmic-FN-111 (5).png,Non-Anrmic-FN-111,0,IMG_04083
Fingernails/Non-Anrmic-FN-111 (6).png,Non-Anrmic-FN-111,0,IMG_04084
Fingernails/Non-Anrmic-FN-111.png,Non-Anrmic-FN-111,0,IMG_04085
Fingernails/Non-Anrmic-FN-131 (2).png,Non-Anrmic-FN-131,0,IMG_04098
Fingernails/Non-Anrmic-FN-131 (3).png,Non-Anrmic-FN-131,0,IMG_04099
Fingernails/Non-Anrmic-FN-131 (4).png,Non-Anrmic-FN-131,0,IMG_04100
Fingernails/Non-Anrmic-FN-131 (5).png,Non-Anrmic-FN-131,0,IMG_04101
Fingernails/Non-Anrmic-FN-131 (6).png,Non-Anrmic-FN-131,0,IMG_04102
Fingernails/Non-Anrmic-FN-131.png,Non-Anrmic-FN-131,0,IMG_04103
Fingernails/Non-Anrmic-FN-142 (2).png,Non-Anrmic-FN-142,0,IMG_04110
Fingernails/Non-Anrmic-FN-142 (3).png,Non-Anrmic-FN-142,0,IMG_04111
Fingernails/Non-Anrmic-FN-142 (4).png,Non-Anrmic-FN-142,0,IMG_04112
Fingernails/Non-Anrmic-FN-142 (5).png,Non-Anrmic-FN-142,0,IMG_04113
Fingernails/Non-Anrmic-FN-142 (6).png,Non-Anrmic-FN-142,0,IMG_04114
Fingernails/Non-Anrmic-FN-142.png,Non-Anrmic-FN-142,0,IMG_04115
Fingernails/Non-Anrmic-FN-144 (10).png,Non-Anrmic-FN-144,0,IMG_04116
Fingernails/Non-Anrmic-FN-144 (11).png,Non-Anrmic-FN-144,0,IMG_04117
Fingernails/Non-Anrmic-FN-144 (12).png,Non-Anrmic-FN-144,0,IMG_04118
Fingernails/Non-Anrmic-FN-144 (2).png,Non-Anrmic-FN-144,0,IMG_04119
Fingernails/Non-Anrmic-FN-144 (3).png,Non-Anrmic-FN-144,0,IMG_04120
Fingernails/Non-Anrmic-FN-144 (4).png,Non-Anrmic-FN-144,0,IMG_04121
Fingernails/Non-Anrmic-FN-144 (5).png,Non-Anrmic-FN-144,0,IMG_04122
Fingernails/Non-Anrmic-FN-144 (6).png,Non-Anrmic-FN-144,0,IMG_04123
Fingernails/Non-Anrmic-FN-144 (7).png,Non-Anrmic-FN-144,0,IMG_04124
Fingernails/Non-Anrmic-FN-144 (8).png,Non-Anrmic-FN-144,0,IMG_04125
Fingernails/Non-Anrmic-FN-144 (9).png,Non-Anrmic-FN-144,0,IMG_04126
Fingernails/Non-Anrmic-FN-144.png,Non-Anrmic-FN-144,0,IMG_04127
Fingernails/Non-Anrmic-FN-173 (10).png,Non-Anrmic-FN-173,0,IMG_04140
Fingernails/Non-Anrmic-FN-173 (11).png,Non-Anrmic-FN-173,0,IMG_04141
Fingernails/Non-Anrmic-FN-173 (12).png,Non-Anrmic-FN-173,0,IMG_04142
Fingernails/Non-Anrmic-FN-173 (2).png,Non-Anrmic-FN-173,0,IMG_04143
Fingernails/Non-Anrmic-FN-173 (3).png,Non-Anrmic-FN-173,0,IMG_04144
Fingernails/Non-Anrmic-FN-173 (4).png,Non-Anrmic-FN-173,0,IMG_04145
Fingernails/Non-Anrmic-FN-173 (5).png,Non-Anrmic-FN-173,0,IMG_04146
Fingernails/Non-Anrmic-FN-173 (6).png,Non-Anrmic-FN-173,0,IMG_04147
Fingernails/Non-Anrmic-FN-173 (7).png,Non-Anrmic-FN-173,0,IMG_04148
Fingernails/Non-Anrmic-FN-173 (8).png,Non-Anrmic-FN-173,0,IMG_04149
Fingernails/Non-Anrmic-FN-173 (9).png,Non-Anrmic-FN-173,0,IMG_04150
Fingernails/Non-Anrmic-FN-173.png,Non-Anrmic-FN-173,0,IMG_04151
Fingernails/Non-Anrmic-FN-175 (10).png,Non-Anrmic-FN-175,0,IMG_04152
Fingernails/Non-Anrmic-FN-175 (11).png,Non-Anrmic-FN-175,0,IMG_04153
Fingernails/Non-Anrmic-FN-175 (12).png,Non-Anrmic-FN-175,0,IMG_04154
Fingernails/Non-Anrmic-FN-175 (2).png,Non-Anrmic-FN-175,0,IMG_04155
Fingernails/Non-Anrmic-FN-175 (3).png,Non-Anrmic-FN-175,0,IMG_04156
Fingernails/Non-Anrmic-FN-175 (4).png,Non-Anrmic-FN-175,0,IMG_04157
Fingernails/Non-Anrmic-FN-175 (5).png,Non-Anrmic-FN-175,0,IMG_04158
Fingernails/Non-Anrmic-FN-175 (6).png,Non-Anrmic-FN-175,0,IMG_04159
Fingernails/Non-Anrmic-FN-175 (7).png,Non-Anrmic-FN-175,0,IMG_04160
Fingernails/Non-Anrmic-FN-175 (8).png,Non-Anrmic-FN-175,0,IMG_04161
Fingernails/Non-Anrmic-FN-175 (9).png,Non-Anrmic-FN-175,0,IMG_04162
Fingernails/Non-Anrmic-FN-175.png,Non-Anrmic-FN-175,0,IMG_04163
Fingernails/Non-Anrmic-FN-187 (10).png,Non-Anrmic-FN-187,0,IMG_04176
Fingernails/Non-Anrmic-FN-187 (11).png,Non-Anrmic-FN-187,0,IMG_04177
Fingernails/Non-Anrmic-FN-187 (12).png,Non-Anrmic-FN-187,0,IMG_04178
Fingernails/Non-Anrmic-FN-187 (2).png,Non-Anrmic-FN-187,0,IMG_04179
Fingernails/Non-Anrmic-FN-187 (3).png,Non-Anrmic-FN-187,0,IMG_04180
Fingernails/Non-Anrmic-FN-187 (4).png,Non-Anrmic-FN-187,0,IMG_04181
Fingernails/Non-Anrmic-FN-187 (5).png,Non-Anrmic-FN-187,0,IMG_04182
Fingernails/Non-Anrmic-FN-187 (6).png,Non-Anrmic-FN-187,0,IMG_04183
Fingernails/Non-Anrmic-FN-187 (7).png,Non-Anrmic-FN-187,0,IMG_04184
Fingernails/Non-Anrmic-FN-187 (8).png,Non-Anrmic-FN-187,0,IMG_04185
Fingernails/Non-Anrmic-FN-187 (9).png,Non-Anrmic-FN-187,0,IMG_04186
Fingernails/Non-Anrmic-FN-187.png,Non-Anrmic-FN-187,0,IMG_04187
Fingernails/Non-Anrmic-FN-192 (10).png,Non-Anrmic-FN-192,0,IMG_04212
Fingernails/Non-Anrmic-FN-192 (11).png,Non-Anrmic-FN-192,0,IMG_04213
Fingernails/Non-Anrmic-FN-192 (12).png,Non-Anrmic-FN-192,0,IMG_04214
Fingernails/Non-Anrmic-FN-192 (2).png,Non-Anrmic-FN-192,0,IMG_04215
Fingernails/Non-Anrmic-FN-192 (3).png,Non-Anrmic-FN-192,0,IMG_04216
Fingernails/Non-Anrmic-FN-192 (4).png,Non-Anrmic-FN-192,0,IMG_04217
Fingernails/Non-Anrmic-FN-192 (5).png,Non-Anrmic-FN-192,0,IMG_04218
Fingernails/Non-Anrmic-FN-192 (6).png,Non-Anrmic-FN-192,0,IMG_04219
Fingernails/Non-Anrmic-FN-192 (7).png,Non-Anrmic-FN-192,0,IMG_04220
Fingernails/Non-Anrmic-FN-192 (8).png,Non-Anrmic-FN-192,0,IMG_04221
Fingernails/Non-Anrmic-FN-192 (9).png,Non-Anrmic-FN-192,0,IMG_04222
Fingernails/Non-Anrmic-FN-192.png,Non-Anrmic-FN-192,0,IMG_04223
Fingernails/Non-Anrmic-FN-194 (10).png,Non-Anrmic-FN-194,0,IMG_04236
Fingernails/Non-Anrmic-FN-194 (11).png,Non-Anrmic-FN-194,0,IMG_04237
Fingernails/Non-Anrmic-FN-194 (12).png,Non-Anrmic-FN-194,0,IMG_04238
Fingernails/Non-Anrmic-FN-194 (2).png,Non-Anrmic-FN-194,0,IMG_04239
Fingernails/Non-Anrmic-FN-194 (3).png,Non-Anrmic-FN-194,0,IMG_04240
Fingernails/Non-Anrmic-FN-194 (4).png,Non-Anrmic-FN-194,0,IMG_04241
Fingernails/Non-Anrmic-FN-194 (5).png,Non-Anrmic-FN-194,0,IMG_04242
Fingernails/Non-Anrmic-FN-194 (6).png,Non-Anrmic-FN-194,0,IMG_04243
Fingernails/Non-Anrmic-FN-194 (7).png,Non-Anrmic-FN-194,0,IMG_04244
Fingernails/Non-Anrmic-FN-194 (8).png,Non-Anrmic-FN-194,0,IMG_04245
Fingernails/Non-Anrmic-FN-194 (9).png,Non-Anrmic-FN-194,0,IMG_04246
Fingernails/Non-Anrmic-FN-194.png,Non-Anrmic-FN-194,0,IMG_04247
Fingernails/Non-Anrmic-FN-195 (10).png,Non-Anrmic-FN-195,0,IMG_04248
Fingernails/Non-Anrmic-FN-195 (11).png,Non-Anrmic-FN-195,0,IMG_04249
Fingernails/Non-Anrmic-FN-195 (12).png,Non-Anrmic-FN-195,0,IMG_04250
Fingernails/Non-Anrmic-FN-195 (2).png,Non-Anrmic-FN-195,0,IMG_04251
Fingernails/Non-Anrmic-FN-195 (3).png,Non-Anrmic-FN-195,0,IMG_04252
Fingernails/Non-Anrmic-FN-195 (4).png,Non-Anrmic-FN-195,0,IMG_04253
Fingernails/Non-Anrmic-FN-195 (5).png,Non-Anrmic-FN-195,0,IMG_04254
Fingernails/Non-Anrmic-FN-195 (6).png,Non-Anrmic-FN-195,0,IMG_04255
Fingernails/Non-Anrmic-FN-195 (7).png,Non-Anrmic-FN-195,0,IMG_04256
Fingernails/Non-Anrmic-FN-195 (8).png,Non-Anrmic-FN-195,0,IMG_04257
Fingernails/Non-Anrmic-FN-195 (9).png,Non-Anrmic-FN-195,0,IMG_04258
Fingernails/Non-Anrmic-FN-195.png,Non-Anrmic-FN-195,0,IMG_04259
